title,category,date,url,source_board,content_or_snippet,writer,board_id
경동대학교 안전보건 경영방침,경동,2026-01-12,https://www.kduniv.ac.kr/kor/CMS/Board/Board.do?mCode=MN245&mode=view&mgr_seq=325&board_seq=69820,일반공지,"KDU 취/업/사/관/학/교 경동대학교 KYUNGDONG UNIVERSITY 경동대학교 안전보건 경영방침 취/업/사/관/학/교 경동대학교는 vision 2029 달성에 있어 안전을 최우선 가치로 삼고 “안전한 배움터, 건강한 일터” 구현을 위하여 다음 사항을 적극적으로 실천한다. 1. 안전보건 목표 가. 교직원과 학생의 생명과 안전을 최우선 가치로 삼는다. 나. 모든 산업재해와 안전사고를 예방하여 무재해 사업장을 실현한다. 다. 법령과 안전보건 관리규정을 철저히 준수한다. 라. 잠재적 위험요인을 조기에 발견하고 신속히 개선한다. 마. 교직원과 학생의 보건 향상과 건강증진을 적극 지원한다. 바. 쾌적하고 안전한 교육·연구·근무 환경을 조성한다. 사. 안전문화 정착을 통해 자율적인 안전보건 관리체계를 확립한다. 2. 안전보건 경영방침 가. 모든 교직원, 학생 및 근로자의 생명과 안전을 최우선 가치로 삼고, 경영 전반에 이를 반영한다.(“목표 가” 연계) 나. 「중대재해 처벌 등에 관한 법률」, 「산업안전보건법」 등 관련 법령을 철저히 준수하고, 학내 활동에서 발생할 수 있는 위험요인을 사전에 제거 또는 최소화한다. (“목표 나, 다” 연계) 다. 안전보건 관리체계를 확립하여 정기적으로 점검·개선하고, 사고 예방 중심의 관리를 실천한다.(“목표 나, 라” 연계) 라. 전 구성원이 참여하는 위험성 평가와 소통 활동을 강화하여 안전문화를 확산한다.(“목표 사” 연계) 마. 정기적인 교육과 훈련을 통해 교직원과 학생의 안전보건 역량을 강화한다.(“목표 마” 연계) 바. 안전보건 관리체계의 이행실적을 정기적으로 점검·공개하고, 재해 예방을 위한 재원과 인력을 적극 지원한다.(“목표 나, 바” 연계) 사. 유해·위험 요인 제거와 건강 증진 활동을 통해 사회적 책임을 다하는 안전하고 지속 가능한 캠퍼스를 조성한다.(“목표 마, 바” 연계) 2026. 1. 2. 경동대학교 총장 전 성 용",경동대학교,general
2026년 2030 청렴 ON 대학 캠퍼스 교육생 모집 안내,경동,2026-05-21,https://www.kduniv.ac.kr/kor/CMS/Board/Board.do?mCode=MN245&mode=view&mgr_seq=325&board_seq=71473,일반공지,"감사실입니다. 국민권익위원회 국가청렴권익교육원은으로 부터 접수된 2026년 2030 청렴 ON 대학 캠퍼스 교육생 모집과 관련하여 아래와 같이 안내드리오니 많은 관심을 요청드립니다. <관련 내용> 국민권익위원회 국가청렴권익교육원은 대한민국 청년들의 반부패 문제에 대한 관심을 제고하고, 예비사회인·사회초년생으로서 갖추어야 할 청렴 전문역량을 함양하기 위해 ' 2030 청렴 ON 대학 캠퍼스' 교육과정을 다음과 같이 운영할 예정입니다. 귀 학교 대학(원)생들 이 교육에 많이 참여할 수 있도록 기관 홈페이지 게시 등 홍보에 협조하여 주시기 바랍니다. 가. 교육기간: 2026. 7. 1.(수)∼7. 3.(금) 나. 신청기간: 2026. 5. 20.(수)∼6. 21.(일) 다. 교육대상: 대학(원)생, 취업준비생, 직장인(만 19세 이상 34세 미만) 등 80명 라. 교육장소: 울산과학기술원 교내 강의실 마. 교육내용: MZ세대를 위한 청렴특강, ESG 아이디어 챌린지 바. 시상(평가 우수팀): 국민권익위원장상(장관급), 소정의 상금 등 수여 사. 혜택: 상시학습 18시간 인정, 오찬 및 다과 제공 아. 신청방법: 붙임의 포스터 네이버폼(QR코드 신청) 또는 국가청렴권익교육원 홈페이지 자. 관련 문의: 2030 청렴 ON 대학 캠퍼스 운영사무국(☎ 02-334-7005)",감사실,general
2026년도 제10차 교원인사위원회 개최 알림,전체,2026-05-19,https://www.kduniv.ac.kr/kor/CMS/Board/Board.do?mCode=MN245&mode=view&mgr_seq=325&board_seq=71454,일반공지,2026년도 제10차 교원인사위원회 개최 알림 1. 일 시 : 2026년 5월 27일(수) 17시 2. 장 소 : 메트로폴캠퍼스 우당관 4층 취업사관행정센터B 회의실 (오프라인 참석 불가시 화상회의 병행) 3. 안 건 ○ 제1호 2026년 9월 전임교원 재임용 심의대상자 의견진술의 건 ○ 제2호 연구실적 미충족 교원에 대한 감면 범위 및 기간유예 적용(안) ○ 제3호 전임교원 재임용(안) ○ 제4호 전임교원 복직(안) ○ 제5호 전임교원 면직(안) ○ 제6호 비전임교원 신규임용(안) ○ 제7호 비전임교원 재임용(안) ○ 제8호 비전임교원 면직(안) 2026.05.19. 교원인사위원회 위원장,교원인사위원회,general
2026년도 제9차 교원인사위원회 개최 알림,전체,2026-04-28,https://www.kduniv.ac.kr/kor/CMS/Board/Board.do?mCode=MN245&mode=view&mgr_seq=325&board_seq=71207,일반공지,2026년도 제9차 교원인사위원회 개최 알림 1. 일 시 : 2026년 5월 6일(수) 14시 30분 2. 장 소 : 메트로폴캠퍼스 우당관 4층 취업사관행정센터B 회의실 3. 안 건 ○ 제1호 2026년 9월 전임교원 재임용 업적평가 결과에 관한 건 ○ 제2호 2026년 9월 강사 재임용 업적평가 결과에 관한 건 ○ 제3호 전임교원 휴직(안) ○ 제4호 교원연구년 연구실적물 평가 결과 심의(안) ○ 제5호 교원연구년 연구실적물 평가 결과에 따른 조치(안) ○ 제6호 비전임교원 면직(안) 2026.04.28. 교원인사위원회 위원장,교원인사위원회,general
경동대학교 규정 개정 고시,경동,2026-04-27,https://www.kduniv.ac.kr/kor/CMS/Board/Board.do?mCode=MN245&mode=view&mgr_seq=325&board_seq=71197,일반공지,경동대학교 규정 개정 고시 경동대학교 규정 개정에 따라 다음과 같이 고시합니다. □ 대상 규정 1. 학칙 2. 학칙시행세칙 3. 교원업적평가 규정 4. 직원 근무성적 평가에 관한 규정 5. 교과과정 편성 규정 6. 스포츠단 운영 규정 * 개정 내용은 첨부 파일을 참조하여 주시기 바랍니다. 2026년 4월 27일 경동대학교 총장,기획조정처,general
2026년 스승의 날 관련 교원 청탁금지법 준수지침 안내,경동,2026-04-20,https://www.kduniv.ac.kr/kor/CMS/Board/Board.do?mCode=MN245&mode=view&mgr_seq=325&board_seq=71132,일반공지,"감사실입니다. 다가오는 스승의 날(2026.05.15.)을 맞아, 교원이 학생 및 학부모로부터 금품 등을 수수하는 행위를 방지하고, 청렴한 학교문화를 정착시키기 위해 「청탁금지법」관련 준수사항을 아래와 같이 안내하오니, 모든 교원께서는 철저히 이행하여 주시기 바랍니다. 가. 교원 준수지침 요약 1) 금품 및 선물 수수 금지 가) 학생 및 학부모로부터 모든 형태의 선물, 꽃, 편지, 음료 등 수수 금지 나) 스승의 날도 예외 아님, 의례적 행위로 보기 어려움 2) 허용 가능한 예외(청탁금지법 시행령 기준) 가) 사적 관계에서의 선물은 일부 허용(1회 100만 원 이하), 그러나 학생·학부모는 직무 관련자로 간주되어 원칙적으로 모든 수수 금지 3) 선물 수수 시 조치 가) 선물 등 제공받을 경우 즉시 정중히 반환하고, 감사실에 관련 사안 보고 4) SNS, 외부 공개 유의 가) 오해 소지를 피하기 위해 관련 사진 게시 및 공적 노출 자제 나. 교육현장에서의 적용해석(국민권익위원회 유권해석 기준) 사례 허용여부 사유 스승의 날 카네이션 꽃 × (금지) 직무관련자 → 직무관련 금품 감사편지, 손편지 ○ (허용) 금품에 해당하지 않음 음료수, 커피쿠폰 × (금지) 금품 제공으로 해석됨 고가선물(화장품, 상품권 등) × (금지) 사회 통념상 부적절, 위법 소지 * 국민권익위원회 공식 해석 -“스승의 날은 일반적 의례로 보기 어려우며, 학생·학부모는 교원에 대한 직무관련자이므로 금품 등의 수수는 원칙적으로 금지됨.”",감사실,general
2026년도 제2차 학교법인경동대학교 이사회 개최 알림,전체,2026-04-16,https://www.kduniv.ac.kr/kor/CMS/Board/Board.do?mCode=MN245&mode=view&mgr_seq=325&board_seq=71044,일반공지,2026년도 제2차 학교법인경동대학교 이사회 개최 알림 1. 일시 : 2026년 4월 24일(금) 12시 2. 장소 : 한국프레스센터 20층 무궁화실 3. 안건 가. 학교법인 경동대학교 임원 선임안 나. 학교법인 경동대학교 2025회계연도 법인회계 결산안 다. 경동대학교 2025회계연도 교비회계 결산안 라. 경동대학교 교원 임용안 마. 경동대학교 규정 개정안 바. 기타 안건 끝. 2026.04.16. 학교법인경동대학교 이사장,학교법인경동대학교,general
2026년도 제8차 교원인사위원회 개최 알림,전체,2026-04-15,https://www.kduniv.ac.kr/kor/CMS/Board/Board.do?mCode=MN245&mode=view&mgr_seq=325&board_seq=71042,일반공지,2026년도 제8차 교원인사위원회 개최 알림 1. 일 시 : 2026년 4월 23일(목) 9시 2. 장 소 : 메트로폴캠퍼스 우당관 4층 취업사관행정센터B 회의실 3. 안 건 ○ 제1호 전임교원 면직(안) 2026.04.15. 교원인사위원회 위원장,교원인사위원회,general
26년 8월말 퇴직교원 정부포상 추천대상자 공개 검증,전체,2026-04-13,https://www.kduniv.ac.kr/kor/CMS/Board/Board.do?mCode=MN245&mode=view&mgr_seq=325&board_seq=71023,일반공지,"26 년 8 월말 퇴직교원 정부포상 추천대상자 공개 검증 2026년 8월 퇴직교원 정부포상 추천대상인 본교 교원에 대하여 아래와 같이 사전 공개하오니 포상추천 대상자에 대한 의견이 있는 분은 이메일(insa@kduniv.ac.kr)로 제출하여 주시기 바랍니다. ○ 공개내용: 포상대상자의 소속, 성명, 재직기간, 공적요지 ○ 공개기간: 2026.04.13. ~ 2026.04.17. (5일간) ○ 참고사항: 붙임 명단은 포상확정자 명단이 아니며, 포상검증 절차진행과정에서 추천 훈격이 변동될 수 있음.",혁신전략처,general
2026년 제2차 공적심사위원회 개최 알림,전체,2026-04-13,https://www.kduniv.ac.kr/kor/CMS/Board/Board.do?mCode=MN245&mode=view&mgr_seq=325&board_seq=71017,일반공지,2026년 제2차 공적심사위원회 개최 알림 1. 일시 : 2026년 4월 21일(화) 9시 2. 장소 : 메트로폴캠퍼스 우당관 4층 취업사관행정센터B 회의실 3. 안건 제1호 외부기관 표창 추천(2026년 8월말 퇴직교원 포상)(안) 제2호 개교 45주년 기념 「제17회 우당대상」 수상후보자 추천(안) 제3호 개교 45주년 기념 「총장 표창장」 수상후보자 추천(안) 끝 2026.04.13. 공적심사위원회 위원장,공적심사위원회,general
2026년도 제2차 대학평의원회 개최 알림,전체,2026-04-07,https://www.kduniv.ac.kr/kor/CMS/Board/Board.do?mCode=MN245&page=2&mode=view&mgr_seq=325&board_seq=70975,일반공지,2026년도 제2차 대학평의원회를 다음과 같이 개최합니다. 1. 일시 : 2026년 4월 15일(수) 14시 2. 장소 : 메트로폴캠퍼스 우당관 4층 취업사관행정센터B 회의실 (오프라인 참석 불가시 화상회의 병행) 3. 안 건 가. 경동대학교 학칙 개정(안) 나. 경동대학교 2025회계연도 경동대학교 교비회계 결산(안) 자문 2026.04.07. 대학평의원회 의장,대학평의원회,general
2026학년도 제3차 등록금심의위원회 개최 알림,경동,2026-04-03,https://www.kduniv.ac.kr/kor/CMS/Board/Board.do?mCode=MN245&page=2&mode=view&mgr_seq=325&board_seq=70968,일반공지,2026년도 제3차 등록금심의위원회를 다음과 같이 개최합니다. 1. 일 시 : 2026년 4월 16일(목) 17시 2. 장 소 : 화상회의 3. 안 건 : 2025회계연도 경동대학교 교비회계 결산 (안) 심의 . 2026.4.3. 등록금심의위원회 위원장,등록금심의위원회,general
2026년도 제7차 교원인사위원회 개최 알림,전체,2026-03-31,https://www.kduniv.ac.kr/kor/CMS/Board/Board.do?mCode=MN245&page=2&mode=view&mgr_seq=325&board_seq=70904,일반공지,2026년도 제7차 교원인사위원회 개최 알림 1. 일 시 : 2026년 4월 8일(수) 9시 2. 장 소 : 메트로폴캠퍼스 우당관 4층 취업사관행정센터B 회의실 3. 안 건 ○ 제1호 전임교원 면직(안) 2026.03.31. 교원인사위원회 위원장,교원인사위원회,general
[KDU RISE 사업단] 기업지원 협력 및 지역연계 협업지원 사업 공고,전체,2026-03-31,https://www.kduniv.ac.kr/kor/CMS/Board/Board.do?mCode=MN245&page=2&mode=view&mgr_seq=325&board_seq=70896,일반공지,"2026-1 차 경동대학교 RISE 사업 기업지원 협력 및 지역연계 협업지원 사업 공고 Ⅰ 사업 목적  지역 기업의 연구개발 역량 강화 및 지·산·학·연 협력 촉진을 통한 지속 가능한 혁신 기반 마련  대학과 특화분야 기업의 협력 사업을 통한 지역산업 경쟁력 강화 Ⅱ 사업 개요 1.신청자격 : 특화분야 지역의 기업(부설연구소 포함) 또는 연구기관(경동대학교 컨소시엄 필수) 2.지원예산 : 주제별 예산금액 상이함 3.지원분야 (단위:백만원, 부가세 포함) 특화분야 주제 지원 예산 ( 철원 ) 헬시플레저 산업 관광 판매기업육성(관광상품 제품제작, 유통, 판로개척비 등 공모) 13백만원이내×2개사 26 ※ 사업공고 기간 내 접수기업이 없을시 수시모집으로 전환됨 . Ⅲ 평가방법  경동대학교 RISE사업 단위과제 소위원회+외부위원을 통한 서면평가 진행  평가 결과 70점 이상의 점수를 획득한 과제를 선정하는 것을 원칙으로 함  평가항목 및 배정 평가항목 평가 내용 배점 연구계획 (30)  지역적(산업적) 수요 적합성에 기반한 연구개발과제의 창의성 및 혁신성 15  연구계획의 충실성 지역특화분야 와의 부합성 및 연구목표의 명확성 연구내용 및 추진체계의 적절성 15 연구역량 (25)  과제 참여인력의 연구경력 및 연구업적 연구 내용에 대한 연구진 구성의 적절성 연구책임자 및 참여기업의 원활한 연구 추진 가능성 25 성과활용 (45)  연구결과의 파급효과 및 활용가능성 연구결과물에 대한 시장성 및 타당성 연구결과의 활용가치 수준, 지역사회·산업계에 미치는 파급효과 20  성과창출전략의 적절성 지식재산권 확보 전략 및 기술산업화 로드맵 제시 과제 종료 시점에서의 SCI/비SCI 논문 게재 가능성 등 25 Ⅳ 세부 일정(진행 과정) 세부일정 진행과정 2026.04.06(월) ~ 04.10(금) 18시 까지 사업 계획서 및 증빙서류 접수 04.10(월) ~ 04.15(수) 과제 평가 기간(KDU RISE 소위원회 선정평가 기간) 04.20(월) 평가결과 안내(사업계획서 보완 등 협약 안내) 04.27(월) ~ 05.31(금) 협약예정일(2026. 04. 27) 및 사업기간 /최종보고서 및 정산서류 제출 06.05(금) 까지 결과평가(운영위원회 최종평가) 06.12(금) 까지 최종평가 결과 및 보완사항 안내 최종보고서 보완 후 2주 이내 사업비 지출(수요기업 또는 공급기업에 사업비 후 지급) ※ 사업 사정에 따라 세부 일정 및 진행과정은 달라질 수 있음 Ⅴ 지원방법 및 문의처  제출방법 : 이메일 및 원본 제출( 2026.04.10.( 금 ) 18:00 까지 ) - 법인 인감 날인(사용 인감 사용가능), 개인사업자(개인인감 : 인감증명서) - 사용인감 가능(사용인감계 제출) - 원본 대조필 - 기타 증빙서류 첨부 필요 특화분야 담당자 이메일 전화번호 (031) ( 철원 ) 헬시플레저 산업 엄정아 uja1216@kduniv.ac.kr 869-9987  제출장소 - (철원) : 경기도 양주시 경동대학로 27 우당관 5층 1516호 KDU RISE사업단(우편번호 11458)",KDU RISE 사업단,general
2026년도 제2차 예결산위원회 개최 알림,전체,2026-03-26,https://www.kduniv.ac.kr/kor/CMS/Board/Board.do?mCode=MN245&page=2&mode=view&mgr_seq=325&board_seq=70846,일반공지,2026년도 제2차 예결산위원회 개최 알림 2026년도 제2차 예결산위원회를 다음과 같이 개최합니다. 1. 일 시 : 2026. 4. 3.(금) 10시 30분 2. 장 소 : zoom 화상회의 진행 예정 3. 안 건 가. 2025회계연도 경동대학교 교비회계 결산(안) 2026. 3. 26. 예결산위원회 위원장,예결산위원회,general
2026년도 제6차 교원인사위원회 개최 알림,전체,2026-03-18,https://www.kduniv.ac.kr/kor/CMS/Board/Board.do?mCode=MN245&page=2&mode=view&mgr_seq=325&board_seq=70689,일반공지,2026년도 제6차 교원인사위원회 개최 알림 1. 일 시 : 2026년 3월 27일(금) 10시 2. 장 소 : 메트로폴캠퍼스 우당관 4층 취업사관행정센터B 회의실 3. 안 건 ○ 제1호 전임교원 신규임용(안) ○ 제2호 전임교원 면직(안) 2026.03.18. 교원인사위원회 위원장,교원인사위원회,general
직원 근무성적 평가에 관한 규정 일부 개정에 따른 의견수렴 공고문,전체,2026-03-09,https://www.kduniv.ac.kr/kor/CMS/Board/Board.do?mCode=MN245&page=2&mode=view&mgr_seq=325&board_seq=70542,일반공지,"직원 근무성적 평가에 관한 규정 일부 개정에 따른 의견수렴 공고문 경동대학교 직원 근무성적 평가에 관한 규정을 일부 개정함에 있어 대학 구성원에게 미리 알려 이에 대한 의견을 수렴하고자 그 취지와 주요내용을 다음과 같이 공고하오니, 개정안에 대하여 의견이 있는 부서 또는 개인은 2026. 3. 16.(월)까지 다음 사항을 기재한 의견서를 혁신전략처(혁신전략지원팀)로 보내주시기 바랍니다. 1. 예고사항에 대한 의견 2. 성명(부서의 경우 부서명 및 부서장 서명) 3. 제출하는 곳: 혁신전략처(혁신전략지원팀)(031-869-9754, csj9653@kduniv.ac.kr) 붙임 1. 직원 근무성적 평가에 관한 규정 일부 개정(안) 1부 2. 검토 의견서(양식) 1부 2026. 3. 9. 경동대학교 혁신전략처장",혁신전략지원팀신,general
교원업적평가 규정 일부 개정에 따른 의견수렴 공고문,전체,2026-03-09,https://www.kduniv.ac.kr/kor/CMS/Board/Board.do?mCode=MN245&page=2&mode=view&mgr_seq=325&board_seq=70540,일반공지,"교원업적평가 규정 일부 개정에 따른 의견수렴 공고문 경동대학교 교원업적평가 규정을 일부 개정함에 있어 대학 구성원에게 미리 알려 이에 대한 의견을 수렴하고자 그 취지와 주요내용을 다음과 같이 공고하오니, 개정안에 대하여 의견이 있는 부서 또는 개인은 2026. 3. 16.(월)까지 다음 사항을 기재한 의견서를 혁신전략처(혁신전략지원팀)로 보내주시기 바랍니다. 1. 예고사항에 대한 의견 2. 성명(부서의 경우 부서명 및 부서장 서명) 3. 제출하는 곳: 혁신전략처(혁신전략지원팀)(031-869-9754, csj9653@kduniv.ac.kr) 붙임 1. 교원업적평가규정 일부 개정(안) 1부 2. 검토 의견서(양식) 1부 2026. 3. 9. 경동대학교 혁신전략처장",혁신전략지원팀,general
2026년 제1차 공적심사위원회 개최 알림,전체,2026-03-09,https://www.kduniv.ac.kr/kor/CMS/Board/Board.do?mCode=MN245&page=2&mode=view&mgr_seq=325&board_seq=70534,일반공지,2026년 제1차 공적심사위원회 개최 알림 1. 일시 : 2026년 3월 16일(월) 8시 30분 2. 장소 : 메트로폴캠퍼스 우당관 4층 취업사관행정센터B 회의실 3. 안건 제1호 외부기관 표창 추천(2026년도 제45회 스승의 날 유공 교원 포상)(안) 끝. 2026.03.09. 공적심사위원회 위원장,공적심사위원회,general
학칙 일부 개정에 따른 의견수렴 공고문,경동,2026-03-02,https://www.kduniv.ac.kr/kor/CMS/Board/Board.do?mCode=MN245&page=2&mode=view&mgr_seq=325&board_seq=70471,일반공지,"칙 일부 개정에 따른 의견수렴 공고문 경동대학교 학칙을 일부 개정함에 있어 대학구성원에게 미리 알려 이에 대한 의견을 수렴하고자 그 취지와 주요내용을 다음과 같이 공고하오니, 개정안에 대하여 의견이 있는 부서 또는 개인은 2026. 3. 9.(월)까지 다음 사항을 기재한 의견서를 기획조정처로 보내주시기 바랍니다. 1. 예고사항에 대한 의견 2. 성명(부서의 경우 부서명 및 부서장 서명) 3. 제출하는 곳: 기획조정처(전화: 031-869-9983, 이메일: dripcoffee@kduniv.ac.kr) 붙임 1. 학칙 일부 개정(안) 1부 2. 학칙 개정에 따른 의견수렴 공고문 1부 3. 의견서(양식) 1부 2026. 3. 3. 경동대학교 기획조정처장",기획조정처,general
2026년도 제5차 교원인사위원회 개최 알림,전체,2026-02-27,https://www.kduniv.ac.kr/kor/CMS/Board/Board.do?mCode=MN245&page=3&mode=view&mgr_seq=325&board_seq=70459,일반공지,2026년도 제5차 교원인사위원회 개최 알림 1. 일 시 : 2026년 2월 27일(금) 16시 30분 2. 장 소 : 메트로폴캠퍼스 우당관 4층 취업사관행정센터B 회의실 (오프라인 참석 불가시 화상회의 병행) 3. 안 건 ○ 제1호 전임교원 면직(안) 2026.02.12. 교원인사위원회 위원장,교원인사위원회,general
경동대학교 규정 개정 고시,경동,2026-02-23,https://www.kduniv.ac.kr/kor/CMS/Board/Board.do?mCode=MN245&page=3&mode=view&mgr_seq=325&board_seq=70416,일반공지,경동대학교 규정 개정 고시 경동대학교 규정 개정에 따라 다음과 같이 고시합니다. □ 대상 규정 1. 사무분장 규정 2. 교환교수에 관한 규정 3. 경동대학교 국제교육원 규정 4. 온사람교양교육대학 규정 * 개정 내용은 첨부 파일을 참조하여 주시기 바랍니다. 2026년 2월 23일 경동대학교 총장,기획조정처,general
2026학년도 경동대학교 교육시설 안전관리 실행 계획,전체,2026-02-20,https://www.kduniv.ac.kr/kor/CMS/Board/Board.do?mCode=MN245&page=3&mode=view&mgr_seq=325&board_seq=70393,일반공지,2026학년도 경동대학교 교육시설 안전관리 실행계획을 첨부와 같이 공지 하오니 참고하여 주시기 바랍니다.,혁신전략처,general
2026년도 제4차 교원인사위원회 개최 알림,전체,2026-02-12,https://www.kduniv.ac.kr/kor/CMS/Board/Board.do?mCode=MN245&page=3&mode=view&mgr_seq=325&board_seq=70324,일반공지,2026년도 제4차 교원인사위원회 개최 알림 1. 일 시 : 2026년 2월 27일(금) 9시 2. 장 소 : 메트로폴캠퍼스 우당관 4층 취업사관행정센터B 회의실 (오프라인 참석 불가시 화상회의 병행) 3. 안 건 ○ 제1호 전임교원 신규임용(안) ○ 제2호 전임교원 휴직(안) ○ 제3호 전임교원 면직(안) ○ 제4호 비전임교원 신규임용(안) ○ 제5호 전임교원 면직(안) 2026.02.12. 교원인사위원회 위원장,교원인사위원회,general
2026년도 제1차 학교법인경동대학교 이사회 개최 알림,전체,2026-02-10,https://www.kduniv.ac.kr/kor/CMS/Board/Board.do?mCode=MN245&page=3&mode=view&mgr_seq=325&board_seq=70289,일반공지,2026년도 제1차 학교법인경동대학교 이사회 개최 알림 1. 일시 : 2026년 2월 20일(금) 12시 2. 장소 : 한국프레스센터 20층 무궁화실 3. 안건 가. 학교법인 경동대학교 임원 선임안 나. 학교법인 경동대학교 2025회계연도 추가경정(2차)예산안 다. 학교법인 경동대학교 2026회계연도 예산안 라. 경동대학교 2026회계연도 예산안 마. 학교법인 경동대학교 수익용기본재산 처분안 바. 경동대학교 교원 임용안 사. 경동대학교 규정 개정안 아. 학교법인 경동대학교 업무용 차량 구입안 자. 경동대학교 안전보건 관리 계획안 차. 기타 안건 끝. 2026.02.10. 학교법인경동대학교 이사장,학교법인경동대학교,general
2025년도 제3차 교원인사위원회 개최 알림,전체,2026-02-03,https://www.kduniv.ac.kr/kor/CMS/Board/Board.do?mCode=MN245&page=3&mode=view&mgr_seq=325&board_seq=70150,일반공지,2025년도 제3차 교원인사위원회 개최 알림 1. 일 시 : 2026년 2월 11일(수) 10시 2. 장 소 : 메트로폴캠퍼스 우당관 4층 취업사관행정센터B 회의실 (오프라인 참석 불가시 화상회의 병행) 3. 안 건 ○ 제1호 전임교원 신규임용(안) ○ 제2호 전임교원 소속변경(안) ○ 제3호 전임교원 휴직(안) ○ 제4호 전임교원 면직(안) ○ 제5호 2026년 연구년 시행(안) 2026.02.03. 교원인사위원회 위원장,교원인사위원회,general
2026년도 제2차 교원인사위원회 개최 알림,전체,2026-01-20,https://www.kduniv.ac.kr/kor/CMS/Board/Board.do?mCode=MN245&page=3&mode=view&mgr_seq=325&board_seq=69935,일반공지,2026년도 제2차 교원인사위원회 개최 알림 1. 일 시 : 2026년 1월 28일(수) 9시 2. 장 소 : 메트로폴캠퍼스 우당관 4층 취업사관행정센터B 회의실 (오프라인 참석 불가시 화상회의 병행) 3. 안 건 ○ 제1호 전임교원 신규임용(안) ○ 제2호 전임교원 복직(안) ○ 제3호 전임교원 면직(안) 2026.01.20. 교원인사위원회 위원장,교원인사위원회,general
2026년도 제1차 학교법인경동대학교 개방이사추천위원회 개최 알림,전체,2026-01-14,https://www.kduniv.ac.kr/kor/CMS/Board/Board.do?mCode=MN245&page=3&mode=view&mgr_seq=325&board_seq=69861,일반공지,2026년도 제1차 학교법인경동대학교 개방이사추천위원회를 다음과 같이 개최합니다. 1. 일 시 : 2026년 1월 22일(목) 13시 2. 장 소 : 서울시 중구 세종로 93 광학빌딩 1500호 3. 안 건 : ∘ 제1호 학교법인 경동대학교 개방감사 추천(안) 2026.01.14. 학교법인경동대학교 개방이사추천위원회 위원장,개방이사추천위원회,general
2026년도 제1차 대학평의원회 개최 알림,전체,2026-01-13,https://www.kduniv.ac.kr/kor/CMS/Board/Board.do?mCode=MN245&page=3&mode=view&mgr_seq=325&board_seq=69838,일반공지,2026년도 제1차 대학평의원회를 다음과 같이 개최합니다. 1. 일 시 : 2026년 1월 21일(수) 14시 2. 장소 : 메트로폴캠퍼스 우당관 4층 취업사관행정센터B 회의실 (오프라인 참석 불가시 화상회의 병행) 3. 안 건 가. 학교법인 경동대학교 개방감사 추천의견 제출(안) 나. 경동대학교 2026회계연도 교비회계 예산(안) 자문 2026.01.13. 대학평의원회 의장,대학평의원회,general
2026학년도 제2차 등록금심의위원회 개최 알림,경동,2026-01-12,https://www.kduniv.ac.kr/kor/CMS/Board/Board.do?mCode=MN245&page=3&mode=view&mgr_seq=325&board_seq=69823,일반공지,2026학년도 제2차 등록금심의위원회 개최 알림 2026학년도 제2차 등록금심의위원회 회의를 다음과 같이 개최합니다. 1. 일 시 : 2026.1.27(화) 14시 2. 장 소 : 화상회의(ZOOM) 3. 안 건 제1호. 2026회계연도 교비회계 본예산(안) 심의. 제2호. 2026회계연도 등록금회계 잉여금 처리 원칙 심의. 끝. 2026.1.12. 등록금심의위원회 위원장,등록금심의위원회,general
2026학년도 1학기 기말고사 시행 안내,경동,2026-05-22,https://www.kduniv.ac.kr/kor/CMS/Board/Board.do?mCode=MN246&mode=view&mgr_seq=326&board_seq=71484,학사공지,"2026학년도 1학기 기말고사 시행 안내 ❍ 고사기간: 2026. 6. 16.(화) ~ 6. 22.(월) ❍ 고사시간 편성 ◦ 전공강좌: 학과별 편성 ◦ 교양강좌: 첨부파일 참조 ※ KDU강좌는 개설된 캠퍼스에서 시험을 실시 하며 컴퓨터용 싸인펜, 수정테이프 등을 준비하여야 함 ※「인공지능(AI)의이해」: 교과 LMS 공지사항 참조 ❍ 부정행위 방지 재시험 제도 시행 ◦ 시험 부정행위 학생은 학생 상벌 규정에 따라 징계 처분 및 해당교과 F학점 처리 ◦ 벽, 책상 등 컨닝 메모 발견 시 해당 고사실 반 학생 전원 재시험 ◦ 고사 좌석 매시간 변경 지정 ◦ 대단위 고사실 2명 이상 감독 배치 ❍ 문의처 ◦ 전공강좌: 각 학과사무실 또는 교과 담당교수 ◦ 교양강좌 - 메디컬캠퍼스(교육혁신처) : 033-738-1255 - 메트로폴캠퍼스(온사람교양교육대학) : 031-869-9708 - 글로벌캠퍼스(교육혁신처) : 033-639-0186 ※ 시험 시간표는 사정에 따라 변동될 수 있음. (변동 시 수정공지 예정) 2026. 5. 교 육 혁 신 처 장",교육혁신처,academic
2026학년도 하계 계절학기 수강신청 안내,경동,2026-05-20,https://www.kduniv.ac.kr/kor/CMS/Board/Board.do?mCode=MN246&mode=view&mgr_seq=326&board_seq=71461,학사공지,"2026학년도 하계 계절학기 수강신청 안내 □ 수강대상 ◦ 복수전공, 부전공, 조기졸업 희망 학생 ◦ 교과목의 재이수/재수강이 필요한 학생(F ~ C+ 성적 취득 학생) ※ 재수강 신청 시 B+까지 성적 인정됨 ◦ 정규학기에 개설되는 과목을 미리 이수하기 위한 학생 □ 운영계획 1. 신청 절차 ◦ 수강신청기간 : 2026.06.01.(월) 13:00 ~ 06.04.(목) 23:59(인터넷으로 수강신청) ◦ 신청방법 : 홈페이지 → QUICK Service → 수강신청 → 로그인 → 개설과목 확인 → 수강신청 ◦ 수강신청학점 : 6학점 이내 ※ KCU 교과목 및 강원LRS공유대학 교과목(과목구분이 '공유대학'으로 표시된 교과목)은 졸업 사정 문제로 2026년 8월 졸업예정자는 원칙적으로 수강 불가 2. 개설예정과목 : 계절학기 교과목 개설 리스트 (인트라넷 – 학생서비스 - 수업성적 – ""강좌개설조회"" 또는 첨부자료 확인) 3. 강좌 개설 기준 ◦ 수강신청 인원이 10명 이하일 경우 폐강될 수 있음 ◦ 1학점당 15시간 강의 4. 성적처리 기준 : 정규학기 성적 처리 규정에 의함 5. 수강료 : 90,000원(1학점당) ◦ 등록기간 : 2026.06.08.(월) 13:00 ~ 06.10.(수) 16:00 ◦ 등록방법 : 포털시스템 → 로그인 → (인트라넷 → 등록 → 개인별 등록금 조회/고지서 출력) → 가상계좌번호 확인 → 납부 ※ 개설된 교과목에 한하여 등록을 받으며, 미등록 할 경우 수강신청 과목은 취소됨 6. 계절학기운영기간(성적처리 포함) : 2026.06.23.(화) ~ 2026.07.06.(월) (과목별 운영기간 상이, 첨부자료 참조) ※ 집중수업(2주) (일부 현장실습 교과목 제외) ※ 강원LRS공유대학 융합전공(공공건강보험/공공인재/헬스케어) 운영기간 : 2026.06.23.(화) ~ 2026.07.13.(월) 7. 동계 계절학기 수업운영방식 : 대면수업을 원칙으로 함 8. 유의사항 ◦ 등록기간에 미등록(수강료 미납부)한 학생은 수강신청 과목이 취소됨 ◦ 수강취소 및 등록금 환불은 수업개시일 전일(2026.06.22.(월))까지 가능함 ◦ 수강신청한 교과목이 폐강될 경우 다른 교과목으로 수강신청 가능 ◦ 2026-1학기에 수강신청(이수)한 교과목은 계절학기에 수강신청 불가 ◦ 졸업사정이 시행되는 최종정규학기 종료 이후의 계절학기 학점은 당해 학기 졸업사정 이전에 취득한 학점만 반영 ◦ KDU 사이버강의는 온라인으로 수강하는 교과목이나 중간 · 기말고사는 개설된 캠퍼스에서 응시하여야 함 2026.5. 교육혁신처장",교육혁신처,academic
대학안전사고보상공제 신청 안내,전체,2026-05-19,https://www.kduniv.ac.kr/kor/CMS/Board/Board.do?mCode=MN246&mode=view&mgr_seq=326&board_seq=71455,학사공지,.,취업복지처,academic
신규 전자출결시스템 운영 안내,경동,2026-02-27,https://www.kduniv.ac.kr/kor/CMS/Board/Board.do?mCode=MN246&mode=view&mgr_seq=326&board_seq=70461,학사공지,신규 전자출결시스템 운영 안내,교육혁신처,academic
2026학년도 1학기 메트로폴캠퍼스(양주) 셔틀(무료) 및 통학버스 운영 계획 안내,양주,2026-02-19,https://www.kduniv.ac.kr/kor/CMS/Board/Board.do?mCode=MN246&mode=view&mgr_seq=326&board_seq=70388,학사공지,2026학년도 1학기 메트로폴캠퍼스(양주) 셔틀(무료) 및 통학버스 운영 계획 안내,취업복지처,academic
메디컬캠퍼스(원주) 2026학년도 1학기 셔틀 및 통학버스 운영계획안내(여주노선 증차 및 시간변경),원주,2026-02-19,https://www.kduniv.ac.kr/kor/CMS/Board/Board.do?mCode=MN246&mode=view&mgr_seq=326&board_seq=70384,학사공지,메디컬캠퍼스(원주) 2026학년도 1학기 셔틀 및 통학버스 운영계획안내(여주노선 증차 및 시간변경),취업복지처,academic
"유고결석(공결, 병역의무) 신청방법 및 증빙자료 인정범위 안내(2026.04.06.수정)",경동,2025-03-20,https://www.kduniv.ac.kr/kor/CMS/Board/Board.do?mCode=MN246&mode=view&mgr_seq=326&board_seq=65100,학사공지,"[유고결석(공결, 병역의무) 신청방법 및 증빙자료 인정범위 안내] 1. 예비군, 징병검사 등 병역의무로 인한 결석 (출석인정) 1) 강좌 담당교수에게 병역의무 관련 출석인정 요청서(첨부2) + 증빙서류 제출 2) 증빙서류 - 예비군: 교육참석필증, 출석확인서 (소집통지서 불인정) - 징병검사: 징병검사 결과 통지서 (소집통지서 불인정) 2. 본인의 입원 및 치료 (공결) 1) 치료 목적의 대면 진료만 인정(비대면 진료 인정 불가) 2) 제출 인정 서류 : 처방전, 소견서, 진료확인서, 진단서, 통원(입·퇴원)확인서 ※ 서류에는 성명, 생년월일, 진단일(발급일자)이 표기되어 있어야 하며, 공결 신청일과 일치해야 함 ※ 독감 등에 의한 격리(가료)가 필요할 경우, 격리 (가료)기간이 명시된 의사소견서 등을 증빙서류로 제출해야 함 3) 공결 불인정 사례 - 비대면 진료 및 그와 관련된 증빙서류 제출 - 미용 목적(시력교정, 치아교정 등)의 시술·수술 등을 받는 경우 : 성형, 치아교정, 라식·라섹, 모발이식 등 - 질병 예방 목적으로 진단·검진·진료를 받는 경우 : 스케일링, 건강검진 등 4) 불인정 서류 : 약봉지 5) 증빙자료를 위조(날짜 등)하여 제출한 경우 학생상벌위원회에 징계 요청 ※ 본인의 입원 및 치료와 관련된 공결 인정범위는 보건센터와 협의를 통해 결정되었음 ※ 시행일 : 2026. 4. 8.(수)부터 치료 목적의 대면 진료에 한하여 공결로 인정함 3. 총 수업시간 수의 1/4를 초과하여 결석 (유고결석 포함) 한 학생의 해당과목 성적은 "" F "" 로 처리 됨 4. 세부 안내사항은 첨부파일 참조 2026. 4. 교육혁신처장",교육혁신처,academic
2026년 수업목적 저작물 이용 실태조사 안내(경동대학교 교원 대상),경동,2026-05-22,https://www.kduniv.ac.kr/kor/CMS/Board/Board.do?mCode=MN246&mode=view&mgr_seq=326&board_seq=71483,학사공지,"2026년 수업목적 저작물 이용 실태조사 안내 1. 관련 : (사)한국문학예술저작권협회 정보분배부-391(2026.05.06.) 2026년 수업목적 실태조사 대상 선정 안내 및 협조요청(교학처) 2. 위 호와 관련하여 2026년 수업목적 저작물 이용 실태조사에 우리 대학이 조사대상으로 선정되어 안내드리오니 교원께서는 실태조사에 협조하여 주시기 바랍니다. 가. 조사목적 : 포괄방식으로 지급된 수업목적보상금 분배 목적 나. 조사대상 : 실태조사 표본선정 대학 교원 다. 조사방법 : 대면조사, 비대면조사 등 라. 사전제공자료 : 대학(학과) 홈페이지에 공개된 정보 제공함 (교수 개인의 연구실 연락처 및 개인 학교메일) 마. 조사항목 : 수업목적 저작물 이용내역서, 복제물 등 바. 조사기간 : 2026. 6. ~ 2027. 2. (조사기간 중 응답완료 시 종료) 사. 조사기관 : (주)글로벌리서치 3. 조사기관인 (주)글로벌리서치에서 사전 제공된 자료(교수 연구실 유선전화 또는 개인 학교메일)로 개별적으로 연락하여 조사를 수행할 예정이며 교수님이 자율적으로 조사에 협조를 하시면 되고, 자세한 사항과 관련 문의사항은 첨부의 안내문을 참고하여 주시기 바랍니다. 2026. 5. 교육혁신처장",교육혁신처,academic
[취업복지처] 2026년 하계방학 기숙형 영어집중캠프 신청 안내(~5.15),경동,2026-04-21,https://www.kduniv.ac.kr/kor/CMS/Board/Board.do?mCode=MN246&mode=view&mgr_seq=326&board_seq=71159,학사공지,.,취업복지처,academic
[취업복지처] 2025-하계방학 진로탐색학점제 참여자 모집 안내(~5.22),전체,2026-04-17,https://www.kduniv.ac.kr/kor/CMS/Board/Board.do?mCode=MN246&mode=view&mgr_seq=326&board_seq=71108,학사공지,.,김민주,academic
2026학년도 1학기 중간 강의평가 시행 안내,경동,2026-04-08,https://www.kduniv.ac.kr/kor/CMS/Board/Board.do?mCode=MN246&mode=view&mgr_seq=326&board_seq=70991,학사공지,2026학년도 1학기 중간 강의평가 안내 1. 강의평가 대상 : 2026학년도 1학기 개설 강좌(재학생 본인 수강과목) 2. 강의평가 기간 : 2026. 4. 13.(월) ~ 2026. 5. 1.(금) 3. 평가방법 : 포털시스템 → 인트라넷 → 학생서비스 → 수업성적 → 강의평가 4. 관련근거 : 경동대학교 「강의평가 규정」 ※ 재학생의 많은 참여 바랍니다.,교육혁신처,academic
2026학년도 1학기 중간고사 시행 안내(2026.04.16. 교양 시간표 수정),경동,2026-04-03,https://www.kduniv.ac.kr/kor/CMS/Board/Board.do?mCode=MN246&mode=view&mgr_seq=326&board_seq=70970,학사공지,"2026학년도 1학기 중간고사 시행 안내 ❍ 고사기간: 2026. 4. 21.(화) ~ 4. 27.(월) ❍ 고사시간 편성 ◦ 전공강좌: 학과별 편성 ◦ 교양강좌: 첨부파일 참조 ※ KDU강좌는 개설된 캠퍼스에서 시험을 실시 하며 컴퓨터용 싸인펜, 수정테이프 등을 준비하여야 함 ※「인공지능(AI)의이해」: 교과 LMS 공지사항 참조 ❍ 부정행위 방지 재시험 제도 시행 ◦ 시험 부정행위 학생은 학생 상벌 규정에 따라 징계 처분 및 해당교과 F학점 처리 ◦ 벽, 책상 등 컨닝 메모 발견 시 해당 고사실 반 학생 전원 재시험 ◦ 고사 좌석 매시간 변경 지정 ◦ 대단위 고사실 2명 이상 감독 배치 ❍ 문의처 ◦ 전공강좌: 각 학과사무실 또는 교과 담당교수 ◦ 교양강좌 - 메디컬캠퍼스(교육혁신처) : 033-738-1255 - 메트로폴캠퍼스(온사람교양교육대학) : 031-869-9708 - 글로벌캠퍼스(교육혁신처) : 033-639-0186 ※ 시험 시간표는 사정에 따라 변동될 수 있음. (변동 시 수정공지 예정) ◦메디컬 - 생활지도및상담(002), 교육심리(001), 학교폭력 예방 및 학생의 이해(006) : 시험 시간 변경(첨부파일 참조) ◦메트로폴 - 현대인의 명심보감(012 ~ 020, 022 ~ 024) : 시험 시간 및 강의실 공지완료(첨부파일 참조) 2026. 4. 교 육 혁 신 처 장",교육혁신처,academic
동영상 콘텐츠제작 교육 안내 (인성교육인정),전체,2026-03-30,https://www.kduniv.ac.kr/kor/CMS/Board/Board.do?mCode=MN246&mode=view&mgr_seq=326&board_seq=70882,학사공지,동영상 콘텐츠제작 교육 안내 (인성교육인정),홍보센터,academic
2026학년도 중앙도서관 이용자교육 안내,경동,2026-03-26,https://www.kduniv.ac.kr/kor/CMS/Board/Board.do?mCode=MN246&mode=view&mgr_seq=326&board_seq=70852,학사공지,"안녕하세요. 경동대학교 중앙도서관입니다. 중앙도서관에서는 2026학년도 이용자교육을 진행하고 있사오니, 재학생들의 많은 참여 부탁드립니다. ■ 퀴즈 & 만족도조사 링크 바로가기 : https://forms.gle/ppUKfxBsAUJMKi749 ☎문의: 033-738-1283 (평일 9시~18시, 점심시간 12~13시 제외) 감사합니다.",중앙도서관,academic
2026학년도 메트로폴캠퍼스 동아리 모집 공고,양주,2026-03-19,https://www.kduniv.ac.kr/kor/CMS/Board/Board.do?mCode=MN246&mode=view&mgr_seq=326&board_seq=70722,학사공지,2026학년도 메트로폴캠퍼스 동아리 모집 공고,취업복지처,academic
"학적변동(졸업, 자퇴) 대상자 Office365 계정 삭제 및 신입생 계정 등록 안내",전체,2026-03-10,https://www.kduniv.ac.kr/kor/CMS/Board/Board.do?mCode=MN246&page=2&mode=view&mgr_seq=326&board_seq=70596,학사공지,"학적변동(졸업, 자퇴) 대상자 Office365 계정 삭제 및 신입생 대상자 등록에 대하여 안내드립니다. 학적변동(졸업, 자퇴) 대상자 Office365 계정 삭제: 졸업식 기준 1개월 이내 삭제 예정 ※ 계정 삭제 시 저장된 데이터가 함께 삭제될 수 있으므로, 학적 변동(졸업, 자퇴) 대상자는 OneDrive 저장 파일, Outlook 이메일 및 첨부파일, Microsoft Teams 채팅 기록 및 파일, SharePoint 팀 자료 등 개인 자료를 사전에 백업하시기 바랍니다. 신입생 계정등록: 입학 이후 1개월 이내 등록 예정 (신입생군 최종등록 완료 후) 감사합니다.",취업복지처,academic
[강원LRS공유대학] 강원LRS공유대학 설명회 참여 모집,원주,2026-03-10,https://www.kduniv.ac.kr/kor/CMS/Board/Board.do?mCode=MN246&page=2&mode=view&mgr_seq=326&board_seq=70590,학사공지,[강원LRS공유대학] 강원LRS공유대학 설명회 참여 모집,교육혁신처,academic
2026학년도 메디컬캠퍼스 신입생 대학 생활 안내,원주,2026-03-10,https://www.kduniv.ac.kr/kor/CMS/Board/Board.do?mCode=MN246&page=2&mode=view&mgr_seq=326&board_seq=70589,학사공지,2026학년도 메디컬캠퍼스 신입생 대학 생활 안내,취업복지처,academic
2026학년도 1학기 수강포기 신청 안내,경동,2026-03-09,https://www.kduniv.ac.kr/kor/CMS/Board/Board.do?mCode=MN246&page=2&mode=view&mgr_seq=326&board_seq=70543,학사공지,"2026학년도 1학기 수강포기 신청 안내 1. 관련 「학칙시행세칙」 제11조 (수강신청 변경 및 취소) ② 학기 개설 후 수강과목의 철회는 수업일수 1/4일 이전에만 할 수 있고 대체 수강 신청을 할 수 없다. 다만, 철회로 인하여 수강신청 학점 최소범위 이하이거나 과목 폐강 수강인원에 해당하는 경우는 철회를 허용하지 아니한다. 2. 신청기간 : 2026. 3. 9.(월) 09:00 ~ 3. 28.(토) 23:59(수업일수 1/4이전까지) 3. 신청제한대상 1) 폐강 기준에 해당되는 교과목 이수구분 폐강 기준 교양필수 - 수강인원이 20명 미만인 경우 교양선택 - 수강인원이 25명 미만인 경우 전공필수 - 수강인원이 10명 미만인 경우 전공선택 - 수강인원이 10명 미만인 경우 2) 수강신청 학점이 수강포기로 인해 최소수강신청학점에 미달하는 경우 학번 수강신청 범위 예외 ~ 2019학번 최소 15학점 ~ 19학점 간호학과, 치위생학과 : 최소15학점 ~ 20학점 2020학번 최소 14학점 ~ 18학점 간호학과 : 최소14학점 ~ 19학점 2021학번 ~ 최소 14학점 ~ 18학점 ※ 단, 7학기 수강신청 대상자는 6학점, 8학기 수강신청 대상자는 3학점 이상 4. 신청방법 : 포털시스템 → 종합정보 → 인트라넷 → 학생서비스 → 수업성적 → 수강신청포기. 2026.03. 교육혁신처장",교육혁신처,academic
2026학년도 1학기 재학생 및 복학생 등록금 납부기간 연장 안내,경동,2026-03-05,https://www.kduniv.ac.kr/kor/CMS/Board/Board.do?mCode=MN246&page=2&mode=view&mgr_seq=326&board_seq=70509,학사공지,"2026학년도 1학기 재학생 및 복학생 등록금 납부기간 연장 1. 납부기간 : 3월6일(금) ~ 3월20일(금) 2. 납부방법 ▶ 재학생 ① 고지서납부 : 국민은행, 우리은행, 농협 전국지점 ② 온라인입금 : 등록금고지서에 기재된 가상계좌로 납부, 단 농협은 창구수납만 가능(소정의 입금수수료는 개인 부담) ▶ 복학생 ① 고지서납부 : 국민은행, 우리은행 ② 온라인입금 : 등록금고지서에 기재된 가상계좌로 납부(소정의 입금수수료는 개인 부담) 3. 등록금고지서출력 : 홈페이지->포털시스템->종합정보시스템->학생서비스->등록->개인별등록금조회/고지서출력 4. 납부확인 : 납부 후 다음날 10:00시 이후 포털시스템->종합정보시스템->학생서비스->등록->등록금납부현황(학생) 5. 가상계좌 입금시 유의사항 ※ 가상계좌는 1회만 입금가능(등록금과 자율비 계좌 동일, 자율비 납부 희망시에만 등록금과 합산 입금) ※ 가상계좌의 예금주는 ""학생 본인""이므로 해당 가상계좌로 입금하면 등록 처리됨.(타학생 계좌 입금시 미등록 처리) 6. 문의처 ① 학자금대출 및 장학금 관련 문의: 033) 738-1247 /1254 ② 등록금 관련 문의: 031) 869-9733 / 9734",혁신전략처사무국,academic
2026학년도 1학기 직장인 교과과정 신청 안내,경동,2026-03-04,https://www.kduniv.ac.kr/kor/CMS/Board/Board.do?mCode=MN246&page=2&mode=view&mgr_seq=326&board_seq=70498,학사공지,2026학년도 1학기 직장인 교과과정 신청 안내 1. 관련 : 교과과정 편성 규정 제12조 2. 신청기간 : 2026. 3. 3.(화) 09:00 ~ 3. 28.(토) 23:59 3. 신청방법 : 포털시스템 → 종합정보 → 인트라넷 → 학생서비스 → 수업성적 → 직장인교과신청 4. 관련 증빙서류 1) 재직중인 학생 : 재직증명서 & 소득세 원천징수 영수증 2) 전업주부 또는 만 30세 이상인 학생 : 주민등록등본 5. 학과 및 교육혁신처 승인 후 직장인 교과과정 최종 적용,교육혁신처,academic
2026학년도 1학기 부(융합)전공·복수전공 이수신청 안내,경동,2026-03-03,https://www.kduniv.ac.kr/kor/CMS/Board/Board.do?mCode=MN246&page=2&mode=view&mgr_seq=326&board_seq=70482,학사공지,"2026학년도 1학기 부(융합)·복수전공 이수신청 안내 부(융합)·복수전공을 희망하는 학생은 신청 기간 및 안내에 따라 이수 신청을 하여 주시기 바랍니다. 1. 신청기간 : 2026. 3. 9.( 월 ) 10:00 ~ 3. 12.( 목 ) 23:59 2. 신청대상: 1학년 과정을 수료한 학생(단, 졸업예정학기 제외) ※ 신규 신청자만 부(융합) · 복수전공을 신청하여 주시기 바랍니다 .( 기존 신청자는 승인 불가 ) 3. 신청방법 : 온라인 신청 [ 포털시스템 → 종합정보시스템 → 인트라넷 ( 학생서비스 ) → 학적 → 부 / 복 / 연계전공신청 → 신규버튼 누르고 선택 ( ①부 · 복수전공 ②신청학과 전공 ) 후 저장 ] ※ 부(융합)·복수전공 신청 학생은 소속 학과 및 신청 학과의 학과장 승인 후 해당 학과의 교과목 이수에 대하여 지도(상담) 받으시기 바랍니다. ※ 부(융합)·복수전공을 승인받은 학생은 남은 잔여학기 동안 제2전공 학과의 부(융합)·복수전공 교과목을 일반선택으로 이수하고, 이수기준학점을 충족한 학생에 한하여 졸업시 최종 부·복수전공을 인정 함. 4. 이수기준학점 부(융합)전공 복수전공 18 학점 33학점 5. 신청자격 구분 신청자격 세부사항 ( 학칙시행세칙 제 10 장 , 11 장 / 졸업 ( 수료 ) 자격 심사에 관한 규정 제 11 조 ) 부전공 (융합전공) ∘ 부(융합)전공 희망 학생은 주전공 ( 제 1 전공 ) 및 부전공 학과 ( 부 ) 장의 승인을 받아야 한다 . ∘ 유아교육과 또는 보건 · 의료계열 ( 보건관리학과, 안경광학과, 응급구조학과 제외 ) 학과로의 부전공은 허용하지 않는다 . ∘ 부전공 개설 학과 ( 부 ) 전공에서 지정하는 교과 이수 및 실험 · 실습 · 실기를 요하는 전공과목에 대한 실험실습비는 복수전공에 준한다 . 복수전공 ∘ 복수전공 희망 학생은 주전공 ( 제 1 전공 ) 및 복수전공 ( 제 2 전공 ) 학과 ( 부 ) 장의 승인을 받아야하며 , 유아교육과 또는 보건 · 의료계열 ( 보건관리학과, 안경광학과, 응급구조학과 제외 ) 학과 복수전공은 허용하지 않는다 . ∘ 편입생은 복수전공을 허용하지 않는다 . ∘ 복수전공 이수자는 제 2 전공에서 지정하는 전공 관련 교과 이수 및 졸업논문 등 졸업실적 심사를 통과하여야 한다 . ∘ 제 2 전공 교과로만 편성되어 있는 3 학년 1 학기 이후 과목의 실험 · 실습 · 실기에 소요되는경비는 별도로 징수할 수 있다 . 6. 기타 사항 1) 부(융합)·복수전공 이수기준학점 충족시 이수구분 정정신청서를 해당학과 학과장 서명 후 교육혁신처로 제출바랍니다. 2) 부(융합)·복수전공 이수 신청을 하지 않은 학생은 복수 · 부전공 전공과목을 이수하더라도 인정하지 않으며 , 취득한 학점은 자유 (일반 ) 선택 학점으로 인정한다 . 2026 년 3월 경동대학교 교육혁신처장",교육혁신처,academic
2026학년도 1학기 교재판매 안내,경동,2026-03-03,https://www.kduniv.ac.kr/kor/CMS/Board/Board.do?mCode=MN246&page=2&mode=view&mgr_seq=326&board_seq=70476,학사공지,"[ 첨부파일] 각 캠퍼스 교재 판매 목록 확인 바랍니다. 교재판매일정은 각 캠퍼스에 따라 변동될 수 있습니다. 각 캠퍼스별 확인 바랍니다. (메트로폴(양주) 교재판매일정은 우당관 1층 V3홀 1106호 앞 부착된 포스터 반드시 확인 요망) (메트로폴(양주) 교재판매일정: 2026.3.3.(화)~3.11.(수) 16시까지) [입고완료/구매가능] * 메디컬(원주문막) - 교양(전체1학년) : 보건의료통합생물학 - 간호학과 1학년 : 간호학입문 / 보건의료통합생물학 - 간호학과 3학년 : 글로벌널싱 - 치위생학과 4학년 : 변화하는시대 의료관리&경영 * 메트로폴(양주) - 교양 1학년 : 사물인터넷개론 - 경영학과 3학년 : 인적자원관리 [추가입고완료/구매가능] * 메트로폴(양주) - 교양 1학년 교필 : 자기개발을 위한 고전 - 경영학과 3학년 전필 : 인적자원관리 [문의사항] *문의 시간: (평일) 오전 9시~오후 6시(점심시간 12-13시 제외) , 주말 운영 안함 - 메디컬(원주): ☎033-738-1283 - 메트로폴(양주) : ☎031-869-9777",중앙도서관,academic
2026학년도 신∙︎편입생 학번조회 안내,경동,2026-02-23,https://www.kduniv.ac.kr/kor/CMS/Board/Board.do?mCode=MN246&page=2&mode=view&mgr_seq=326&board_seq=70406,학사공지,2026학년도 신∙︎편입생 학번조회 안내 ∘︎ 학번조회 기간: 2. 26(목) 15:00이후 부터 확인 가능 ∘︎ 확인방법: 학교홈페이지 팝업창 → 경동대학교 포털 로그인 클릭 → 포털시스템에서 '아이디찾기' → 인증하기 선택 후 학적부에 등록된 본인 휴대전화 본인인증 or 이메일 인증 → 아이디 ( 학번 ) 확인 ​ ∘︎ 보다 자세한 사항은 붙임파일을 확인하여 주시기 바랍니다.,교육혁신처,academic
2026학년도 1학기 신·편입생 수강신청 안내(재학생 수강변경 기간 포함),경동,2026-02-20,https://www.kduniv.ac.kr/kor/CMS/Board/Board.do?mCode=MN246&page=2&mode=view&mgr_seq=326&board_seq=70398,학사공지,2026학년도 1학기 신·편입생 수강신청 안내(재학생 수강변경 기간 포함),교육혁신처,academic
2026학년도 1학기 대학간 학점교류 안내,경동,2026-02-12,https://www.kduniv.ac.kr/kor/CMS/Board/Board.do?mCode=MN246&page=2&mode=view&mgr_seq=326&board_seq=70333,학사공지,"2026학년도 1학기 대학 간 학점교류안내 경동대학교와 서정대학교는 학점교류 협약을 통해 교양 교과목을 학점교류하여 운영하고 있습니다. 관심있는 학생분께서는 수강신청해주시길 부탁드립니다. • 학점교류 대학: 서정대학교 • 학점교류 교과목: 교양선택 2학점 / ESG 핵심 이슈 진단 • 수강신청기간: 2026. 2. 9.(월)10:00 ~ 2. 12.(목) 23:59 까지 • 수강인원: 20명 • 수업 방식: 비대면, 타대학 LMS 시스템 활용 • 시험 방법: 비대면 시험 또는 과제(담당 교수 선택) • 성적 평가: 절대평가 시행 ※ 절대평가 기준 : 학칙시행세칙 제 28 조 , 3 항 2 호 학점교류에 의한 사이버 강좌 ※ 자세한사항은 첨부파일 참조해주시기 바랍니다.",교육혁신처,academic
2026학년도 1학기 재학생 및 복학생 등록금 납부 안내,경동,2026-02-10,https://www.kduniv.ac.kr/kor/CMS/Board/Board.do?mCode=MN246&page=2&mode=view&mgr_seq=326&board_seq=70310,학사공지,"2026학년도 1학기 재학생 및 복학생 등록금 납부 안내 1. 납부기간 : 2026.2.23.(월)~3.06.(금) 2. 납부방법 ▶ 재학생 ① 고지서납부 : 국민은행, 우리은행, 농협 전국지점 ② 온라인입금 : 등록금고지서에 기재된 가상계좌로 납부, 단 농협은 창구수납만 가능(소정의 입금수수료는 개인 부담) ▶ 복학생 ① 고지서납부 : 국민은행, 우리은행 ② 온라인입금 : 등록금고지서에 기재된 가상계좌로 납부(소정의 입금수수료는 개인 부담) ※ 전액장학생으로 실납입금액이 '0원'인 경우 학교에서 등록처리 함.(휴학생은 제외이며, 등록처리 미희망자는 해당부서로 연락) 3. 등록금고지서출력 : 2026년 2월12일 부터 홈페이지->포털시스템->종합정보시스템->학생서비스->등록->개인별등록금조회/고지서출력 4. 납부확인 : 납부 후 다음날 10:00시 이후 포털시스템->종합정보시스템->학생서비스->등록->등록금납부현황(학생) 5. 가상계좌 입금시 유의사항 ※ 가상계좌는 1회만 입금가능(등록금과 자율비 계좌 동일, 자율비 납부 희망시에만 등록금과 합산 입금) ※ 가상계좌의 예금주는 ""학생 본인""이므로 해당 가상계좌로 입금하면 등록 처리됨.(타학생 계좌 입금시 미등록 처리) 6. 문의처 ① 학자금대출 및 장학금 관련 문의: 033) 738-1247 /1254 ② 등록금 관련 문의: 031) 869-9733 / 9734",혁신전략처,academic
2026학년도 1학기 재학생 및 복학생 등록금 분할납부 신청 안내,경동,2026-02-10,https://www.kduniv.ac.kr/kor/CMS/Board/Board.do?mCode=MN246&page=2&mode=view&mgr_seq=326&board_seq=70309,학사공지,"2026학년도 1학기 등록금 분할납부 신청 안내 1. 신 청 대 상 : 재학생 및 복학생 2. 신 청 기 간 : 2026.2.19.(목)~3.05.(목) 18시까지 3. 고지서출력 : 2026.2.20.(금) 부터 승인된 학생에 한해 4 신청(접속) : 홈페이지->포털시스템→종합정보시스템→학생서비스→등록→등록금분할납부신청(학생) *분납사유작성→신청→분할납부신청서작성→저장 후 출력→신청서 지도교수 및 보호자 서명→첨부파일로 업로드→신청완료→승인확인→납부 *신청 다음날(공휴일제외) 10:00 이후 처리결과 승인여부를 확인 바랍니다. 5. 납부기간 1차 납부기간 : 2.24.(월) ~ 3.06.(금) 2차 납부기간 : 4.06.(월) ~ 4.10.(금) 3차 납부기간 : 5.04.(월) ~ 5.08.(금) * 등록금 분납잔금이 미납 상태에서는 휴학이 불가능함. * 분할납부신청자는 우리은행만 납부가능 합니다. * 1차 분납금 미납시 분할신청은 자동으로 취소됩니다. * 2,3차 미납시 미등록 제적되오니 등록기간내 반드시 납부 바랍니다. 6. 문의사항 : 사무국 031) 869-9733",혁신전략처,academic
2026학년도 입학식 및 학과 오리엔테이션 안내,경동,2026-02-10,https://www.kduniv.ac.kr/kor/CMS/Board/Board.do?mCode=MN246&page=2&mode=view&mgr_seq=326&board_seq=70294,학사공지,2026학년도 입학식 및 학과 오리엔테이션 안내,취업복지처,academic
2026학년도 1학기 유급신청 안내,경동,2026-01-30,https://www.kduniv.ac.kr/kor/CMS/Board/Board.do?mCode=MN246&page=2&mode=view&mgr_seq=326&board_seq=70042,학사공지,"2026학년도 1학기 유급신청 안내 1. 관련근거 : 학칙 제36조(유급) 및 학칙시행세칙 제39조(학사경고 및 유급) 2. 신청대상 : 자진유급을 신청하고자 하는 재학 중인 학생 (단, 재학 중 1회에 한함) 3. 신청기간 : 2026. 2. 2.(월 ) 10:00 ~ 2. 5.(목) 17:00 4. 접수방법 : 온라인 접수 (지도교수 또는 학과장 상담진행 필수) 포털시스템 → 종합정보시스템 → 인트라넷 → 학생서비스 → 학적 → 유급신청 ※ 진행절차 : 학생신청 → 지도교수 승인 → 관리자 승인 ※ 진행조회 : [변동&진행조회] 항목에서 진행절차 조회 가능 5. 유의사항 가. 유급신청의 책임은 학생 본인에게 있으며, 유급한 학생은 이를 취소 할 수 없다. 나. 유급신청은 재학 중 1회에 한하여 신청이 가능하며, 지도교수 또는 학과장과의 상담을 필히 진행하여야 한다. 다. 유급학년(학기)에 취득한 성적은 무효로 한다. 라. 유급이 승인된 학생은 수강신청 변경이 필요할 경우 수강신청원을 제출하여야 한다. 마. 등록금을 낸 학생들에 한하여 추가 등록금이 발생할 수 있다. 2026 년 2 월 경동대학교 교육혁신처장",경동대학교,academic
2026 KDU 스마트 홍보단원 6기 공개모집,전체,2026-01-28,https://www.kduniv.ac.kr/kor/CMS/Board/Board.do?mCode=MN246&page=3&mode=view&mgr_seq=326&board_seq=70033,학사공지,"문의 : 031-869-9973 / Email : bon0515@kduniv.ac.kr KDU 스마트홍보단 6기 단원모집 경동대학교와 함께 성장할 인재를 찾습니다. 모집대상 1학년, 2학년, 3학년 재학생 모집인원 7명(메트로폴캠퍼스4명, 메디컬캠퍼스3명) 활동기간 2026.03.01~2026.12.31(방학기간 제외) 담당업무 • 동영상 콘텐츠 생산(1인 2개) • 뉴스용 교내 생산 콘텐츠 의 발굴 및 가공(대외홍보용, 학생용 구분) • 교내 SNS 운영관리 (인스타, 블로그, 페이스북, 유튜브 등) • 교내 행사 보조 인력 참여(유상) AI 활용 가능자 우대!! 모집일정 • 지원서내려받기 : 경동대학교 홈페이지 학사공지 • 모집기간 : 2026.01.29 ~ 02.20 (지원서 평가후 면접) • 합격자 발표 : 2월말, 합격자에 한해 개별 연락 제출서류 • 제작영상(1편) 및 활동내역(SNS,AI활용한 제작물) 제출(지원서 참조) • 첨부된 지원서 작성 후 이메일 제출 일정에 따라 활동기간 변동될수 있음 KDU 취/업/사/관/학/교 경동대학교 KYUNGDONG UNIVERSITY",대외협력처,academic
2025학년도 학위수여식 일정 및 장소 안내(시간 수정),전체,2026-01-27,https://www.kduniv.ac.kr/kor/CMS/Board/Board.do?mCode=MN246&page=3&mode=view&mgr_seq=326&board_seq=70020,학사공지,2025학년도 학위수여식 일정 학과별 학위수여식 시간 및 장소 학과별 학위수여식 시간 및 장소 날짜 캠퍼스 학과 시간 장소 2026. 2. 13.(금) 메디컬 간호학과 10:00~11:00 선덕종합체육관 군사학과 10:30~12:00 우당관 1701호(평암홀) 물리치료학과 09:00~11:00 선덕관 5502호(이충무공홀) 보건관리학과 11:00~12:00 우당관 1601호(다산홀) 사회복지학과 14:00~16:00 선덕관 5503호(도산홀) 안경광학과 10:30~11:30 선덕관 5503호(도산홀) 임상병리학과 14:00~15:00 선덕종합체육관 응급구조학과 10:30~12:30 우당관 1501호(퇴계홀) 작업치료학과 13:00~14:00 선덕관 5502호(이충무공홀) 치기공학과 11:00~12:00 충호관 2402호 치위생학과 11:00~12:30 선덕관 5502호(이충무공홀) 호텔관광경영학과 11:00~11:40 자양관 7307호 메트로폴 건축공학과 14:00~15:00 선덕관 2502호 건축디자인학과 14:00~15:00 선덕관 2504호 경영학과 11:00~12:00 우당관 1012호 경찰학과 14:00~15:00 우당관 1301호 디자인학과 10:00~11:00 우당관 1015호(청사홀) 소프트웨어학과 11:30~13:00 우당관 1701호(을곡홀) 스포츠마케팅학과 14:00~15:00 우당관 1015호(청사홀) 안보경영학과 14:00~15:00 우당관 1012호 외식사업학과 11:00~12:00 우당관 1718호 유아교육과 10:00~11:20 우당관 1314호(자양홀) 체육학과 14:00~15:00 우당관 1601호(퇴계홀) 컴퓨터공학과 11:00~12:00 우당관 1717호 토목공학과 14:00~15:00 선덕관 2517호 항공서비스학과 14:00~15:00 선덕관 2401호 행정학과 14:00~15:00 우당관 1307호 호텔조리학과 10:30~12:10 우당관 1501호(다산홀) 자세한 사항은 각 학과로 문의하시기 바랍니다.,취업복지처,academic
"2026학년도 1학기 수강신청 안내(재학생, 복학생)",경동,2026-01-12,https://www.kduniv.ac.kr/kor/CMS/Board/Board.do?mCode=MN246&page=3&mode=view&mgr_seq=326&board_seq=69831,학사공지,"2026학년도 1학기 수강신청 안내 1. 수강신청 일정 구분 일정 수강신청 2026. 1. 19.(월) 13:00 ~ 1. 23.(금) 23:59 수강변경 2026. 2. 9.(월) 13:00 ~ 2. 12.(목) 23:59 ※ 2026-1학기 복학예정자 : 복학승인과 관계없이 수강신청가능 (단, 2026-2학기 또는 2027-1학기 복학예정인 조기복학자는 복학승인후 수강신청 가능) ※ 수강신청 및 변경기간 경과 후 수강변경 불가 ※ 신입생 및 편입생 수강신청은 2026. 2. 27.(금) 진행 예정입니다. 2. 수강신청 방법 및 확인 구분 세부내용 개설강좌(시간표) 조회 포털시스템 → 인트라넷 → 학생서비스 → 수업성적 → 강좌개설조회 수강신청 사이트 대학홈페이지 → QUICK SERVICE → “ 수강신청 ” 클릭 → 로그인 → 수강신청 수강신청 확인 포털시스템 → 인트라넷 → 학생서비스 → 수업성적 → 수강신청조회 3. 자세한 사항은 수강신청 안내문(첨부파일)을 참고하여 주시기 바랍니다. 2026. 1. 교 육 혁 신 처 장",교육혁신처,academic
제증명서 발급 안내,경동,2026-01-02,https://www.kduniv.ac.kr/kor/CMS/Board/Board.do?mCode=MN246&page=3&mode=view&mgr_seq=326&board_seq=69672,학사공지,제증명서 발급 안내 증명서발급기 ( 키오스크 ) 교체 작업 으로 다음과 같이 발급 서비스가 일시 중단 되오니 양지하여 주시기 바랍니다 . 제증명서 발급 교체기간 : 2026. 1. 1.( 목 )~1. 11.( 일 ) 제증명서 발급시작일 : 2026. 1. 12.( 월 ) ☞ 인터넷증명서발급과 정부 24 팩스민원 서비스는 정상적으로 운영함 12. 31. 경동대학교 교육혁신처장,교육혁신처,academic
2026학년도 1학기 재입학 신청 안내,경동,2026-01-02,https://www.kduniv.ac.kr/kor/CMS/Board/Board.do?mCode=MN246&page=3&mode=view&mgr_seq=326&board_seq=69668,학사공지,"2026학년도 1학기 재입학 신청 안내 2026학년도 1학기 재입학 신청을 접수하오니 대상자는 기한 내에 신청하여 주시기 바랍니다. 1. 접수기간 : 2026. 1. 19.(월) 10:00 ~ 1. 22.(목) 2. 신청방법 : 포털시스템→ 종합정보시스템→ 인트라넷→ 학생서비스 → 학적→ 재입학신청 3. 대 상 : 제적 학생 1) 자퇴한 자 2) 휴학기간 종료 후 1개월이 넘도록 이유 없이 복학하지 아니하여 제적된 자 3) 재학 중 통산 4회 이상 또는 3회 연속 학사경고를 받은 자(제적 후 2개 학기 경과된 자에 한함) 4) 정당한 이유 없이 매학기 소정기간에 등록을 완료하지 못한 자 5) 재입학은 학기단위로 실시하되, 동일학년, 동일학기에 신청함을 원칙으로 하며, 다만 1학기(또는 2학기) 재입학 대상자일지라도 교과 이수가 가능한 경우 2학기(또는 1학기)에 재입학을 허용할 수 있다. 4. 재입학 신청인원이 재입학 허용인원을 초과할 경우에는 1) 취득학점이 많은 자 2) 고학년인 자 3) 평점평균이 높은 자 순으로 허가한다. 5. 재입학 가능인원 및 학과: 첨부파일 재입학 공고문에서 확인 2026년 1월 경동대학교 교육혁신처장",교육혁신처,academic
2026학년도 1학기 전과 신청 안내,경동,2026-01-02,https://www.kduniv.ac.kr/kor/CMS/Board/Board.do?mCode=MN246&page=3&mode=view&mgr_seq=326&board_seq=69667,학사공지,"2026학년도 1학기 전과 신청 안내 2026 학년도 1학기 전과 신청을 다음과 같이 안내 드립니다. 1. 신청대상: 재학생 ( 단 , 신입생과 편입생은 1개 학기를 이수하여야 함 ) 2. 신청기간: 2026. 1. 19.(월) 10:00 ~ 1. 22.(목) 3. 신청방법: 포털시스템→ 인트라넷→ 학생서비스→ 학적→ 전과신청 4. 절차 및 선발방법 가. 성적증명서, 자기소개서, 학업계획서를 소속학과 지도교수, 학과(부)장의 서명을 받아, 전입을 희망하는 학과에 제출. 나. 전과(부) 허용 인원보다 지원 학생이 많을 때는 이전까지의 평균 평점과 자기소개 및 학업계획서 평가 결과에 따라 순위를 정하여 허가하며, 필요시 별도의 시험 또는 면접을 시행할 수 있음. 다. 전과 승인을 받은 학생은 등록금 차액을 결산하고, 수강 신청 절차를 이행하여야 함. 5. 기타사항 ▶ 유아교육과 및 보건・의료계열(보건관리학과. 응급구조학과, 안경광학과 제외) 학과로의 전과는 모집단위별 입학정원 범위 내에서 여석이있는 경우 허가할 수 있음. 6. 모집 학과 및 인원 ▶ 붙임파일에서 확인 가능 2026년 1월 경동대학교 교육혁신처장",교육혁신처,academic
2025학년도 학위수여식 학위복 대여 안내,경동,2026-01-02,https://www.kduniv.ac.kr/kor/CMS/Board/Board.do?mCode=MN246&page=3&mode=view&mgr_seq=326&board_seq=69664,학사공지,"2025학년도 학위수여식 학위복 대여 안내 2025학년도 졸업생 여러분의 학위취득을 진심으로 축하드립니다. 학위수여식 일정에 따라 학위 가운 대여에 대해 다음과 같이 안내합니다. ■ 학위 가운 대여 안내 1. 학위수여식 일시: 2026. 2. 13.(금) 14:00 2. 장소: 학과별 실시(추후 공지 예정) 3. 학위 가운 대여 및 반납 장소 ○ 메디컬캠퍼스(원주): 우당관 1층 휴게실 ○ 메트로폴캠퍼스(양주): 충호관 학생식당(2층) 로비 ※ 대여 및 반납 시간: 09:00 ~ 16:30 4. 학위 가운 대여 및 반납 절차 ○ 대여 절차: 온라인 예약 접수 ⇨ 현장결제 및 신분증 제출(대여 장소) ⇨ 번호표 수령 ⇨ 학위 가운 대여 ※ 신분증(주민등록증, 운전면허증, 여권 등만 가능함) ○ 반납 절차: 대여받은 장소에서 학위 가운과 번호표를 반납 후 신분증 수령 5. 학위 가운 대여 비용: 10,000원 ※ 현장에서 대여 비용 현금으로 지급 ■ 학위 가운 대여 신청 안내 학위 가운 대여 신청 안내 메디컬캠퍼스 메트로폴캠퍼스 QR이미지 ○ 대여 방법: 온라인 예약 접수 - 예약 접수: 2026. 1. 5.(월) ~ 2. 6.(금) - 예약 링크 주소 메디컬캠퍼스: https://forms.gle/UNB6A2UDQq34Rr529 메트로폴캠퍼스: https://forms.gle/aEQGYXJAwMphgZ426 ※ 미 예약 시 학위 가운 대여가 불가할 수 있음 QR이미지 ■ 문의 사항 ○ 가운 대여 업체: 010-3667-7738 ○ 대학 문의: 해당 졸업생 학과 사무실 2026. 1. 경동대학교 취업복지처장 ♥ 메디컬캠퍼스: https://forms.gle/UNB6A2UDQq34Rr529 ♥ 메트로폴캠퍼스: https://forms.gle/aEQGYXJAwMphgZ426",취업복지처,academic
2025 제2차 학과홍보단 콘텐츠 경진대회 수상작 발표,전체,2026-01-02,https://www.kduniv.ac.kr/kor/CMS/Board/Board.do?mCode=MN246&page=3&mode=view&mgr_seq=326&board_seq=69661,학사공지,"2025 제2차 학과홍보단 콘텐츠 경진대회 수상작 발표 ■ 최우수상 우리는 모두 보이지 않는 영웅 (응급구조학과 :안ㅇ빈) :https://www.instagram.com/p/DP-fwMjEoWH/?hl=ko ■ 우수상 제4회 졸업작품전시회 (호텔조리학과 : 홍ㅇ훈) :https://www.youtube.com/watch?v=0fYMo-Q2c08&t=5s 기획부터 운영까지, 학생들이 주도하는 [비즈니스 위크] (스포츠마케팅학과 : 조ㅇ찬) :https://www.youtube.com/watch?v=ceqVoGDAjUM ■ 장려상 뭐하는지 궁금하신가요？ (유아교육과 : 민ㅇ원) :https://www.youtube.com/watch?v=mpVGUrP8Krs 치위생학과 소개해 줄게요 (치위생학과 :장ㅇ윤) :https://www.youtube.com/watch?v=BId_67_Cthw 희망다울림축제 의료봉사 V-log (보건행정학과 : 김ㅇ준) :https://www.instagram.com/p/DRhgmOykqtl/?hl=ko",대외협력처,academic
2025학년도 전기 졸업대상자 졸업유예 신청 안내,경동,2025-12-22,https://www.kduniv.ac.kr/kor/CMS/Board/Board.do?mCode=MN246&page=3&mode=view&mgr_seq=326&board_seq=69422,학사공지,"2025학년도 전기 졸업대상자 졸업유예 신청 안내 졸업유예란 ? 학칙 제 34 조에 규정된 졸업요건을 충족하는 졸업예정자가 본인의 의사에 따라 해당학기 졸업시기에 졸업을 하지 아니하고 일정 기한까지 졸업을 연기하는 제도입니다 . 1. 근 거 : 「학칙」 제34조 1항 및 「학칙시행세칙」 제6조 4항, 제79조의2 2. 신청대상 : 2025학년도 전기 졸업대상자(2026년도 2월 졸업예정자) 중 졸업요건을 충족한 학생 3. 신청기간 : 2026. 1. 7.( 수 ) 10:00 ∼ 2026. 1. 10.( 토 ) 4. 신청방법 : 포털시스템 → 인트라넷 → 학생서비스 → 졸업 → 졸업유예신청 5. 유예범위 : 「학칙」 제6조의 재학연한 이내 6. 신청단위 : 1학기 단위(최대 2개학기에 한하여 신청 가능) 7. 등 록 : 대학등록금에 관한 규칙 및 「학칙시행세칙」 제6조의 4항에 따라 차등납부제를 적용 8. 수강신청 : 졸업유예 기간 중 매학기 최소 1 학점 이상 수강신청을 하여야 함 9. 성적반영 : 졸업유예학생의 졸업유예기간 취득 학점은 성적에 반영함 10. 제 한 : 졸업유예를 신청한 학생은 졸업유예 기간에 휴학 할 수 없음 (단, 군 휴학은 예외) 11. 취 소 1) 졸업유예의 허가를 받은 자가 우리 대학교에서 정한 등록금을 기한 내에 납부하지 않을 경 우에는 졸업유예를 취소하고, 당초 졸업예정 학기에 졸업 처리함. 2) 졸업유예의 허가를 받고 등록금을 납부한 이후에는 졸업유예를 취소할 수 없음. 다만, 사망, 부상, 질병, 군입대, 기타 부득이한 사유로 학업 지속이 곤란한 경우에는 취소 가능하며 해당 학기에 졸업 처리함. 3) 졸업유예 취소 시, 졸업유예자의 등록금 환불은 학칙시행세칙 4조의 등록금 반환기준을 따름. 2026 년 1 월 경동대학교 교육혁신처장",교육혁신처,academic
2025학년도 전기 조기 졸업(사정) 신청 안내,경동,2025-12-22,https://www.kduniv.ac.kr/kor/CMS/Board/Board.do?mCode=MN246&page=3&mode=view&mgr_seq=326&board_seq=69421,학사공지,"2025학년도 전기 조기 졸업(사정) 신청 안내 2 025학년도 전기 조기 졸업(사정) 신청을 접수하고자 하오니 기간 내에 신청하여 주시기 바랍니다. 1. 신청일시 : 2026. 1. 7.( 수 ) 10:00 ∼ 1. 10.( 토 ) 2.신청방법 : 온라인 신청 ◦포털시스템 → 종합정보시스템 → 학생서비스 → 졸업 → 조기졸업신청 3. 대 상 : 6 학기 또는 7 학기 이수예정 학생 중 요건이 충족된 학생 가 . 졸업기본 요건 1) 졸업 최소 이수 학점인 120학점 이상을 취득하여야 한다. 2) 필수 학점은 반드시 이수하여야 한다. 3) 졸업(수료)자격 심사에 관한 규정으로 따로 정하는 교과 영역별 최소 이수 학점을 취득하여야 한다. 4) 졸업(수료)자격 심사에 관한 규정으로 따로 정하는 학과별 졸업인증, 졸업실적(졸업논문, 졸업시험, 졸업작품) 등에 합격하여야 한다. 나 . 조기졸업 추가요건 - 전체학년의 평균평점이 4.00이상인 학생 중 공인검정기관의 일정 이상의 어학능력을 갖춘 학생.(인문사회계열-토익 800점 이상, 공학・자연・예체능계열-토익 700점 이상) 다 . 기타 - 졸업규정에서 정하는 졸업실적물에 대한 심사는 총장이 별도로 3인 이상 심사위원을 위촉하여 실시할 수 있다. 4. 자격 상실 요건 가. 학칙 제48조 ①항, ②항에 의한 징계 처분을 받은 학생 나. 학칙 제23조 ①항 중 질병․병역의무를 제외한 사유로 휴학한 사실이 있는 학생 다. 학칙 제18조에 의하여 편입한 학생 라. 학칙 제21조에 의하여 재입학한 학생 마. 성적증명서에 재수강 또는 재이수로 표기된 학생과 F학점을 취득한 학생 바. 조기졸업 최종학기에 특별시험, 학점교류, 학점 대체인정, 계절학기로 학점을 취득한 학생 사. 조기졸업 최종학기 3/4이상의 실질 수업출석이 이루어지지 않은 학생 5.제출서류 및 제출처 - 조기졸업사정 신청서 , 성적증명서 , 학과 ( 부 ) 장 추천서 , 어학능력 증빙서류 와 함께 해당 캠퍼스 교육혁신처로 1.12.(월) 17:00 까지 제출 바랍니다. 2026 년 1 월 경동대학교 교육혁신처장",교육혁신처,academic
경동대학교 종강으로 인한 59번 시내버스 방학시간표 운영 안내(2025. 12. 22. ~ 2026. 3. 2.),전체,2025-12-18,https://www.kduniv.ac.kr/kor/CMS/Board/Board.do?mCode=MN246&page=3&mode=view&mgr_seq=326&board_seq=69334,학사공지,"메디컬캠퍼스(원주) 종강으로 인한 59번 시내버스 미운행 안내입니다. 1. 버스 번호: 59번(관설동, 경동대학교) 2. 사유: 경동대학교 메디컬캠퍼스(원주) 2학기 종강 3. 기간: 2025. 12. 22.(월) ~ 2026. 03. 02.(월) ∗ 학사 일정에 따라 변동 가능",취업복지처,academic
2026학년도 1학기 복학신청 안내,경동,2025-12-15,https://www.kduniv.ac.kr/kor/CMS/Board/Board.do?mCode=MN246&page=3&mode=view&mgr_seq=326&board_seq=69227,학사공지,"2026학년도 1학기 복학신청 안내 1 . 복학기간: 2026년 1월 12일(월) ~ 2월 27일(금) ※ 개강일: 2026.3.3.(화) ◦ 군복학생(전역일이 개강 이후 일 경우)은 수업일수 1/4선(3.27(금))까지 복학 가능 ◦ 기한 내에 복학하지 않을 경우 미복학제적이 될 수 있음 2. 복학절차(온라인신청) ▶ 포털시스템→종합정보시스템→인트라넷→학생서비스→학적→복학신청 * 군복학 대상 학생은 복학신청시 전역증(병적증명서), 주민등록초본(입대 및 전역일 기재) 중 택1 첨부 * 기타 자세한 사항은 붙임파일을 참조하시기 바랍니다. 2026. 1. 경동대학교 교육혁신처장",교육혁신처,academic
2026학년도 1학기 메트로폴캠퍼스(양주) 기숙사 모집 안내,양주,2025-12-15,https://www.kduniv.ac.kr/kor/CMS/Board/Board.do?mCode=MN246&page=3&mode=view&mgr_seq=326&board_seq=69221,학사공지,"2026학년도 1학기 메트로폴캠퍼스 기숙사 모집 개요 2026학년도 1학기 동안 메트로폴캠퍼스 기숙사 입사를 희망하는 신·편입, 재학생께서는 첨부파일을 꼼꼼히 확인 후, 정해진 기간 내에 입사 신청해 주시길 바랍니다. 1. 모집일정 모집일정 구분 일정 비고 추진사항 대상 모집공고 재학생 2025. 12. 15.(월) 신·편입생, 복학생 기숙사 입사 신청 및 서류접수 재학생 2025. 12. 29.(월) ~ 2026. 1. 4.(일) 우선선발 대상자 서류 제출 등 일정 진행 신·편입생, 복학생 2026. 2. 2.(월) ~ 2. 8.(일) 선발 결과발표 재학생 2026. 1. 7.(수) 16:00 예정 신·편입생, 복학생 2026. 2. 13.(금) 16:00 예정 기숙사비 납부 재학생 2026. 1. 19.(월) ~ 1. 23.(금) 미납 시 선발 취소 신·편입생, 복학생 2026. 2. 16.(월) ~ 2. 20.(금) 추가모집 - - 추후 일정 공지 동반 입실 신청 기간 재학생 2026. 1. 19.(월) ~ 1. 23.(금) 신·편입생, 복학생 2026. 2. 16.(월) ~ 2. 20.(금) 사실 배정 및 기숙사 입사 재학생 2026. 3. 1.(일) ~ 3. 2.(월) 신·편입생, 복학생 ※ 상기 일정은 상황에 따라 변동될 수 있음 2. 기숙사비 및 거주기간 가. 기숙사비 및 식비 : 추후 공지 나. 거주기간 : 2026. 3. 3.(화) ~ 6. 22.(월) 3. 신청방법 기숙사 홈페이지 접속 → 입사 신청 버튼 클릭 → 필수항목 입력 후 신청 → 입사 신청 1. 기숙사 홈페이지: 경동대학교 양주원 기숙사(https://metrodorm.kduniv.ac.kr/) 2. 입사 신청 버튼 클릭 → 입사 신청 차수 선택 → 정보제공 동의 → 신청 내용 입력 3. 기숙사 서약 여부 선택 ※기숙사 입사 신청 시 호실 유형 및 기간 확인 필수(신청 기간 이후 신청 불가) 4. 동반 입실 신청 시, 입사유형이 같고, 쌍방 모두 신청 필요(1인 신청 시 제외) 4. 문의 031-869-9716 (메트로폴캠퍼스 취업복지처)",취업복지처,academic
[취업복지처] 2025년 동계방학 기숙형 영어집중캠프 합격자 발표 안내,경동,2025-12-10,https://www.kduniv.ac.kr/kor/CMS/Board/Board.do?mCode=MN246&page=3&mode=view&mgr_seq=326&board_seq=69128,학사공지,"「2025년 동계 기숙형 영어집중캠프」 합격자 발표 안내 안녕하세요. 경동대학교 취업복지처입니다. 우리 대학의 직무역량 강화 프로그램인 「2025년 동계 기숙형 영어집중캠프」에서 보여주신 재학생 여러분의 뜨거운 관심과 지원에 깊이 감사드립니다. 한정된 정원(90명) 대비 많은 학생들이 지원함에 따라, 공정한 심사를 거쳐 최종 참가자를 선발하였습니다. 선발 결과와 해당 기준을 아래와 같이 안내합니다. 1. 선발 결과 확인 안내 최종 합격자에게는 금일 지원서에 기재된 연락처로 [참가 확정 등록 링크]가 포함된 개별 문자(SMS)를 발송하였습니다. ※ 유의사항(예비합격 안내) • 문자가 수신되지 않은 지원자는 아쉽게도 이번 1차 선발에는 포함되지 않았으며, 자동으로 예비합격자로 분류됩니다. • 추후 미등록자나 포기자가 발생할 경우, 예비 순위에 따라 개별적으로 연락드릴 예정입니다. 2. 최종 선발 기준 안내 많은 학생이 지원한 만큼 교육 기회의 균등한 분배와 취업 역량 강화의 시급성을 고려하여 다음 3가지 기준을 순차적으로 적용했습니다. ① 지원동기 성실도 • 신청서에 기재된 지원동기를 검토하여, 작성 분량(200자 미만)이 부족하거나 내용이 불성실한 경우 선발 대상에서 우선 제외하였습니다. ② 학년별 우선순위 • 취업 준비 및 어학 성적 확보가 시급한 고학년에 우선순위를 부여했습니다. • 우선순위: 4학년→3학년→2학년→1학년 ③ 직전 학기 성적 • 위의 기준(성실도, 학년) 내에서 경합이 발생한 경우, 직전 학기 평점 평균이 높은 순으로 최종 합격자를 결정했습니다. 3. 합격자 필수 안내사항 • 참가 확정 등록: 2025.12.11.(목) 17시까지 (별도 문자 안내 예정) • 기한 내 미등록시 합격이 취소되며, 예비 번호 순서대로 추가 합격자가 선발됩니다. (단, 예비 번호 관련 개별 문의는 받지 않습니다.) 아쉽게 이번 캠프에 함께하지 못하게 된 학생분들에게는 위로의 말씀을 전하며, 결원 발생 시 순차적으로 연락드리겠습니다. 여러분의 열정에 다시 한 번 감사드립니다. ※ 문의: 취업복지처(☎031-869-9716~8) 2025. 12. 10. 경동대학교 취업복지처장",취업복지처,academic
"2026학년도 1학기 메디컬캠퍼스 기숙사 입사 신청 안내(신편입, 복학생)",원주,2025-12-08,https://www.kduniv.ac.kr/kor/CMS/Board/Board.do?mCode=MN246&page=3&mode=view&mgr_seq=326&board_seq=69069,학사공지,"2026학년도 1학기 메디컬캠퍼스 기숙사 신청 안내 KDU 취/업/사/관/학/교 경동대학교 KYUNGDONG UNIVERSITY 입사신청방법 대학 홈페이지 → 대학생활 → 기숙사 → 원주 문막캠퍼스 기숙사 → 입사신청 클릭 유의사항 • 호실 유형 및 기간 확인 필수(신청 기간 이후 변경 불가) • 동은 지정불가 • 신입생의 경우, 수험번호 홈페이지 신청 가능 • 주소 허위 기재자는 입사불가(입사 취소됨) 자세한 사항은 첨부 PDF파일 참조 메디컬캠퍼스 기숙사 신청 일정 구분 대상 일정 세부내용 모집 공고 재학생 2025. 12. 8.(월) ~ 12. 21.(일) 기숙사 홈페이지 공고 신편입생, 복학생 2026. 2. 2.(월) ~ 2. 8.(일) 신청 및 접수 재학생 2025. 12. 8.(월) ~ 12. 21.(일) 기숙사 홈페이지 신입생은 합격자만 신청가능 신편입생, 복학생 2026. 2. 2.(월) ~ 2. 8.(일) 선발 결과 발표 재학생 2026. 1. 9.(금) 18:00 예정 기숙사 홈페이지에서 개별확인 선발자에 한해 문자발송 신편입생, 복학생 2026. 2. 13.(금) 18:00 예정 기숙사비 납부 재학생 2026. 1. 19.(월) ~ 1. 23.(금) MY PAGE 가상계좌번호 확인 익일 MY PAGE에서 확인가능 신편입생, 복학생 2026. 2. 16.(월) ~ 2. 20.(금) 추가모집 - 추후 일정 공지 신편입생 및 복학생, 재학생 동반 입실 신청 재학생 2026. 1. 19.(월) ~ 1. 23.(금) 동반입실 신청은 입사유형이 같고, 쌍방 신청 시 가능 단, 한명만 신청 시 취소됨 신편입생, 복학생 2026. 2. 16.(월) ~ 2. 20.(금) 호실 배정 발표 재학생 2026. 2. 13.(금) 18:00 예정 기숙사 홈페이지 MY PAGE 확인가능 신편입생, 복학생 2026. 2. 26.(목) 18:00 예정 기숙사 입사 기숙사비 납부자 2026. 2. 27.(금) ~ 3. 2.(월) 09:00 ~ 18:00 입사절차는 공지사항에 안내 예정",취업복지처,academic
2026학년도 1학기 원주시 주소 이전 대학생 학자금 지원 사업 신청 안내,원주,2026-04-02,https://www.kduniv.ac.kr/kor/CMS/Board/Board.do?mCode=MN284&mode=view&mgr_seq=509&board_seq=70955,장학공지,2026학년도 1학기 원주시 주소 이전 대학생 학자금 지원 사업 신청 안내,취업복지처,scholarship
2026년 서울독립유공자후손장학금 선발 안내(서울장학재단),전체,2026-04-21,https://www.kduniv.ac.kr/kor/CMS/Board/Board.do?mCode=MN284&mode=view&mgr_seq=509&board_seq=71156,장학공지,"2026년 서울독립유공자 후손 장학금 선발 안내 내용을 안내드립니다. 가. 장학금명: 서울독립유공자후손장학금 나. 신청자격 (아래 ① ~ ② 항목 모두 충족하는 자) ① 필수 지원자격 독립유공자(순국선열, 애국지사)의 증손자녀 이하(4대~6대) 후손 * 독립유공자: 「독립유공자예우에 관한 법률」 제4조에 해당하는 순국선열 또는 애국지사 * 독립유공자 외 국가보훈대상자, 국가유공자(참전유공자, 전몰군경 등)는 선발 비대상 독립유공자 4대~6대 후손: 4대 후손(증손자녀), 5대 후손(현손자녀), 6대 후손(내손자녀) ② 지역(국적/대학) 대한민국 국적자로 서울 소재 대학의 정규학기 재학 학부생, 또는 서울 시민(의 자녀)으로서 비서울 소재 대학 정규학기 재학 학부생 [ 대학 소재지 관련 세부사항 ] 메디컬, 메트로폴, 글로벌 캠퍼스 해당 [ 학적 관련 세부사항 ] 정규학기: ‘본 전공’ 기준의 수업연한 적용 (예: 2년제 전문대학-4학기제, 일반 대학-8학기제 등) * 초과학기: ‘본 전공’의 수업연한을 초과하는 학기? 비대상: (2026년 1학기 기준) 정규학기 마지막 학기 재학생, 초과학기생, 휴학생, 대학원생 등 다. 선발인원: 120명 라. 장학금액: 연간 300만 원 (학업장려금, 2회 분할 지급) 마. 신청방법: 서울미래인재재단 홈페이지 내 온라인 신청 및 서류 업로드 바. 신청기간: 2026. 4. 23.(목) 10:00 ~ 5. 6.(수) 16:00 사. 협조사항: 대학 내 장학금 게시판(홈페이지, 학과 사무실 등) 홍보 ※ 세부사항은 붙임파일(2026년 서울독립유공자후손장학금_선발 공고문)을 참조하여주시기 바랍니다.",취업복지처,scholarship
2026년 재능키움 장학사업 안내(충남평생교육진흥원),전체,2026-04-21,https://www.kduniv.ac.kr/kor/CMS/Board/Board.do?mCode=MN284&mode=view&mgr_seq=509&board_seq=71155,장학공지,1. 사 업 명: 2026년 재능키움 장학사업 2. 세부내용 가. 신청기간: 2026. 04. 23.(목) ~ 5. 7.(목) 16:00까지 나. 모집대상: 본인 또는 부모가 충남에 1년 이상 거주 중인 대학교 재학생 다. 선발인원: 100명 라. 장학금액: 1인당 200만원 * 재능키움장학금은 생활비지원 장학금 입니다. 마. 신청방법: 진흥원 홈페이지를 통한 온라인 신청 (www.clehrd.or.kr) 바. 사업내용: 진흥원 홈페이지-소통공간-공지사항을 통한 사업 공고 내용 참조 3. 문의처: (재)충남평생교육진흥원 미래인재팀 - 홈페이지: www.clehrd.or.kr - 문의번호: 041-635-1270 세부사항은 본문의 문의번호 및 붙임파일(포스터)내용을 참조하여주시기 바랍니다.,취업복지처,scholarship
2026학년도 1학기 서울인재대학장학생 선발 안내,전체,2026-03-18,https://www.kduniv.ac.kr/kor/CMS/Board/Board.do?mCode=MN284&mode=view&mgr_seq=509&board_seq=70690,장학공지,2026학년도 1학기 서울인재대학장학생 선발에 관하여 안내드립니다. 가. 장학금 개요 1) 장학금명: 서울인재대학장학금(학업장려금) 2) 선발인원: 720명 3) 장학금액: 연간 400만 원(학기별 지급) 4) 지원성격: 생활비성 장학금(타 등록금 나. 신청 자격: 아래 ①~ ⑤요건을 모두 충족해야 함 ① 거주·재학: 서울 소재 대학 재학생 또는 서울시민(자녀) 중 비서울 소재 대학 재학생 ② 학년상태: 2학년 이상 재학생(’26년 1·2학기 정규등록 예정자) ③ 경제여건: 기초수급자·법정차상위 또는 학자금 지원 4구간 이하(’26-1 또는 ’25-2) ④ 성적기준: 전체 학기 평점 평균 백분위 90점 이상 ⑤ 진로역량: 주도적인 진로 설계 및 학업 역량 개발 의지가 있는 자 세부사항은 붙임파일을 참조하여 주시기 바랍니다. 감사합니다.,취업복지처,scholarship
2026년 주거비 장학금 안내(강원인재원),전체,2026-03-16,https://www.kduniv.ac.kr/kor/CMS/Board/Board.do?mCode=MN284&mode=view&mgr_seq=509&board_seq=70672,장학공지,"2026년 주거비 장학금을 안내드립니다. ❍ (장학금명) 주거비 장학금 ❍ (선발대상) 아래 요건을 모두 충족하는 경우 신청 가능 도내 고교 출신 타 시도 출신 • 강원특별자치도 내 고등학교를 졸업한 도내 대학교 재학생 • 본인이 도내 1년 이상 주민등록을 두고 있는자 • 한국장학재단 학자금 지원구간 5구간 이하인자 (`26. 1학기 기준) • 장학금 지급 연도에 본인 또는 보호자 명의로 소속 학교 소재 지역에 4개월 이상 계약을 체결하고 거주한 자 또는 거주 중인 자 • 본인이 도내 1년 이상 주민등록을 두고 있는 도내 대학교 재학생 • 장학금 지급 연도에 본인 또는 보호자 명의로 소속 학교 소재 지역에 4개월 이상 계약을 체결하고 거주한 자 또는 거주 중인 자 ※ 지원 제외 대상: 공고일 현재 정부(국토교통부에서 시행하는 ‘청년월세 한시 특별지원’) 및 한국장학재단 주거안정장학금, 도내 18개 시군 장학사업 중 유사 장학금(주거비) 수혜자, 기숙사거주자 ❍ (선발인원) 300명(도내 고교 출신 230, 타 시도 출신 70) ❍ (장학금액) 1인 100만 원 ❍ (선발기준) - (도내 고교 출신) 학자금 지원 구간이 낮은 순 선발, 동점 시 우선 순위에 따름 ※ 1학년은 부모의 건강보험료가 낮은순 - (타 시도 출신) 강원특별자치도 거주 기간이 긴 순 선발, 동점 시 . .우선 순위에 따름 ※ 동점 시 우선 순위 ① 직전 학기까지 전체 학기의 성적 ② 다자녀 가구(자녀 2인 이상) ③ 장애 또는 위탁가정 세부사항은 붙임자료를 참조하여주시기 바랍니다.",취업복지처,scholarship
2026년 상반기 군산시 대학생 학자금 이자 지원사업 안내,전체,2026-03-12,https://www.kduniv.ac.kr/kor/CMS/Board/Board.do?mCode=MN284&mode=view&mgr_seq=509&board_seq=70633,장학공지,"구분 지원내용 접수기간 2026.3.16.(월) ~ 4.10.(금) 지원대상 공고일 기준 군산시에 주민등록 되어있는 전국 대학(원) 재(휴)학생 및 5년 이내 졸업생 지원범위 2016년 이후 한국장학재단을 통해 대출받은 학자금(등록금 및 생활비)의 ""2025년 하반기"" 이자발생분 지원(상환) 접수방법 온라인 신청: 군산시청 홈페이지( http://www.gunsan.go.kr ) 구비서류 1) 신청서 1부 2) 행정정보 공동이용 사전동의서 1부 3) 재(휴)학증명서 or 졸업증명서 1부 ※ 공고일('26.3.10.) 이후 발급서류만 인정",취업복지처,scholarship
2026년도 (재)대구동구교육재단 장학생 선발 안내,전체,2026-03-12,https://www.kduniv.ac.kr/kor/CMS/Board/Board.do?mCode=MN284&mode=view&mgr_seq=509&board_seq=70632,장학공지,"가. 장학생 선발예정인원 및 지급액 구분 선발예정인원 신청유형 지급액 지급총액 대학생 ooo명 2종(진학우수, 성적우수) 200만원/인 총액 2억원 범위 내 지급 나 공통 자격요건 거주요건 공고일 현재 계속하여 1년 이상 대구 동구에 주민등록을 두고 거주하는 자(단, 대학생의 경우 본인 또는 부모의 주민등록을 기준으로 함) 학교요건 공고일 현재 대구시 내 고등학교를 졸업하고, 2026년 국내 4년제 대학교 학사 학위 과정에 재학 중인 자(전문대, 방통대, 사이버대, 학점은행제, 평생학습원 제외) ※ 장학금 신청유형별 자격요건은 붙임 참조 다. 접수기간: 2026.3.23.(월) ~ 3.27.(금) 라. 접수방법: 방문 및 등기우편 접수장소 주소 문의 전화 (재)대구동구교육재단 대구광역시 동구 동부로3길 20(신천동 544-13) 053-951-8008 마. 기타 상세요건 및 신청서류는 (재)대구동구교육재단 홈페이지(https://www.dgeduf.or.kr/), 대구광역시 동구청 홈페이지(https://dong.daegu.kr/)에서 확인이 가능하며, 기타 문의사항은 (재)대구동구교육재단(☎053-951-8008)으로 하여 주시기 바랍니다.",취업복지처,scholarship
2026학년도 신입생 환영회 장학금 안내,전체,2026-03-11,https://www.kduniv.ac.kr/kor/CMS/Board/Board.do?mCode=MN284&mode=view&mgr_seq=509&board_seq=70612,장학공지,"1. 국가장학금 및 학자금 대출 안내 영상 링크: https://www.youtube.com/watch?v=9Cl1-39Gn7o 2. 교내 장학금 추가 안내 - 면학격려장학금: 국가장학금 1유형 선감면 대상자 중 일정 소득구간(매학기 기준 변경)에 있는 학생에게 추가로 등록금을 감면해주는 장학금 - 리더십장학금(학생간부 장학금): 대의원장, 부대의원장, 학회장, 부학회장 학생에게 지급되는 장학금 - 봉사장학금: 기숙사, 여강문학관, 학과보조조교, 학군단, 전산정보원에서 봉사하며 학생 복지에 힘쓰는 학생에게 지급하는 장학금 ※ 장학금 관련 문의사항은 경동대학교 취업복지처(033-738-1247/1254). 한국장학재단(1599-2000)으로 해주시기 바랍니다.",취업복지처,scholarship
2026년도 YP [그랜드 피스투어] 장학생 선발 안내,전체,2026-03-11,https://www.kduniv.ac.kr/kor/CMS/Board/Board.do?mCode=MN284&mode=view&mgr_seq=509&board_seq=70600,장학공지,"가. 건 명: 2026년도 YP [그랜드 피스투어] 장학생 선발 나. 지원내용: 인당 200만 원의 장학금 지급(여행경비) 다. 신청자격: 전국 대학생(휴학?졸업생 포함, 학교?학년?성별?국적 무관) 라. 신청기간: 2026. 3. 16.(월) ~ 3. 31.(화) 23:59 마. 신청방법: YP홈페이지 지원(http://ypconnected.com/sub/apply.php) 바. 기타문의: redhoon11@naver.com 이메일문의",취업복지처,scholarship
광진복지재단 2026년 미래도약 장학지원 사업 시행 안내,전체,2026-03-11,https://www.kduniv.ac.kr/kor/CMS/Board/Board.do?mCode=MN284&mode=view&mgr_seq=509&board_seq=70599,장학공지,"가. 사업명: 2026년 미래도약 장학지원 사업 나. 지원대상: 본인 또는 부/모/배우자 1명이 광진구에 1년 이상 거주하며 기준 중위소득 100% 이하 저소득 가구 내 만19세 이상 만65세 이하 전문대학, 대학교, 대학원에 재학 중인 학생 15명 다. 모집기간: 2026.3.11.(수) ~ 4.7.(화) 18:00까지 라. 지원인원: 총 15명(신청기관당 1명 추천가능) 마. 지원금액: 학업지원금(생활비) 2,500,000원 바. 신청 및 선정절차 추천기관 → 재단 ▶ 광진복지재단 ▶ 광진복지재단 ▶ 광진복지재단 ▶ 광진복지재단 ▶ 학 생 추천서 발송 1 차 ·2 차 및 내 · 외부 심사추진 징학금 지원 선정결과 발표 장학금 수여식 개최 장학금 지급 결과보고 발송 4 월 7 일 ( 화 ) 까지 4 월 중 4 월 28 일 ( 화 ) 5 월 7 일 ( 목 ) 5 월 11 일 ( 월 ) 7 월 사. 신청방법 - 광진 복지재단으로 전자공문 발송 후 - 공문 및 제출서류를 1개 파일로 취합하여 메일 발송 gjsw@daum.net 아. 선정결과: 2026년 4월 28일(화) 자. 문의: 광진복지재단 기획행정팀(☎ 070-4066-5807, gjsw@daum.net )",취업복지처,scholarship
2025년 하반기분 통영시 대학생 학자금 이자 지원 안내,전체,2026-03-06,https://www.kduniv.ac.kr/kor/CMS/Board/Board.do?mCode=MN284&page=2&mode=view&mgr_seq=509&board_seq=70529,장학공지,"가. 지원 근거 및 사업개요 1) 지원근거: 통영시 대학생 학자금 이자 지원에 관한 조례 2) 사업개요 가) 지원대상: 2013년 8월 1일 이후에 한국장학재단에서 받은 대출금에 대해 2025.7.1.부터 12.13.까지 발생한 대출이자 나) 지원방법: 한국장학재단 대출 상환 다) 지원시기: 2026년 6월(예정) 라) 지원자격 - 대학(원)생 및 미취업 졸업생 중에서 다음의 조건 중 하나를 만족하는 사람 ＊ 공고일(2026.3.4.) 현재 본인이 1년 이상 또는 직계존속이 3년 이상 통영시에 주민등록이 되어 있고, 통영시 소재 고등학교를 졸업한 사람 ＊ 공고일(2026.3.4.) 현재 통영시 소재 대학에 재(휴)학 중인 학생으로서 1학년의 경우 3개월 이상, 그 외의 경우 1년 이상 통영시에 주민등록이 되어 있는 사람 ※ 졸업생은 공고일(2026.3.4.) 기준 졸업한 날로부터 2년 이내 미취업자에 한함. 나. 신청 안내 1) 신청기간: 2026.3.4.(수) ~ 3.25.(수) 17:00 2) 신청장소: 통영시 평생교육과 교육지원팀 3) 신청방법: 방문, 우편, 전자 우편 접수 ※ 붙임 참조",취업복지처,scholarship
2026 우아한 사장님 자녀 장학금 지원 국내 장학생 모집 안내,전체,2026-03-05,https://www.kduniv.ac.kr/kor/CMS/Board/Board.do?mCode=MN284&page=2&mode=view&mgr_seq=509&board_seq=70510,장학공지,"- 사업명: 우아한 사장님 자녀 장학금 지원 - 주최기관: 봉앤설이니셔티브, 우아한형제들(배달의민족), 사회복지공동모금회, 사단법인 점프 - 목적: 경제적 어려움으로 교육 기회 안전망이 필요한 외식업주 가정의 대학생이 학업 수행에 어려움을 겪지 않도록 지원 - 신청기간: 2026년 3월 4일(수) ~ 3월 18일(수) - 합격발표: 2026년 4월 17일(금) - 선발인원 및 장학금 규모 구분 지원성격 인원 장학금액(연간) 비고 대학생 전형 학업 지원 000명 400만원 학기별 200만원",취업복지처,scholarship
2026년 재단법인 논산시장학회 학업장려 장학생 선발 안내,전체,2026-03-05,https://www.kduniv.ac.kr/kor/CMS/Board/Board.do?mCode=MN284&page=2&mode=view&mgr_seq=509&board_seq=70508,장학공지,"가. 신청접수 : 방문 접수 또는 우편 접수(등기우편만 가능) - 신청기간 : 2026. 3. 16.(월) 09:00 ~ 4. 30.(금) 18:00 - 접 수 처 : 논산시청 인구청년교육과 교육지원팀(041-746-5774) (우편번호 32987, 수신처 충남 논산시 시민로210번길 9, 논산시청 인구청년교육과 논산시장학회 담당자) ※ 등기우편 접수의 경우 2026. 4. 30.(목) 우체국 소인분 까지 인정 나. 지원자격 - 2026년도 국내 정규대학교(2년제 전문대 포함) 신입생 - 2003년 1월 1일 이후 출생자 중 공고일 기준 고등학교 졸업 학력 취득 후 5년이 경과되지 않은 자 - 학생 본인, 부, 모 중 어느 한 명이라도 공고일(2026년 3월 5일) 기준 논산시에 계속하여 1년 이상(2025년 3월 6일 이전 ~ 신청일 현재) 주민등록을 둔 자 ※ 「고등교육법」 제2조 중 국내의 대학, 산업대학, 교육대학 및 전문대학의 신입생에 한함 다. 지원내용 : 1인 150만원 생활비 ※ 붙임참조",취업복지처,scholarship
예비 건설엔지니어 장학사업 안내,전체,2026-03-05,https://www.kduniv.ac.kr/kor/CMS/Board/Board.do?mCode=MN284&page=2&mode=view&mgr_seq=509&board_seq=70507,장학공지,가. 지원대상 : 건설기술관련 학과 학부 재학생 나. 지원규모 : 총 200명 / 1인당 100만 원 다. 신청기간 : 2026. 3. 16.(월) ~ 2026. 4. 17.(금) 24:00(자정) 라. 신청방법 : 협회 홈페이지 내「예비 건설엔지니어 장학사업」신청 화면 1) 소속 학과장 추천을 통해 신청(각 학과별 2인 이내) ※ 붙임참조,취업복지처,scholarship
2026년도 장학금 지원대상자 선발 계획 안내,전체,2026-03-04,https://www.kduniv.ac.kr/kor/CMS/Board/Board.do?mCode=MN284&page=2&mode=view&mgr_seq=509&board_seq=70496,장학공지,"1. 장학금 지원계획 총 지원규모 : 905 명 , 714,800 천원 - 장학금 분야 : 799명, 683,000천원 - 교육비 분야 : 106명, 31,800천원 2. 일정별 추진계획 가. 공 고 : 2026. 2. 27(금) 나. 신 청 : 2026. 3. 18(수) 09:00 ∼ 2026. 4. 10(금) 18:00 (24일간) ※공휴일은 접수받지 않음. 다. 심 의 : 2026. 5. 19(화) 라. 지원대상자 확정통보 : 2026. 5. 28(목) 마. 장학금 증서수여식 : 2026. 6. 20(토) 바. 장학금 지급 : 장학증서 배부 후. 3. 신청자격 가. 공고일 현재, 용인시에 주민등록을 두고 2년 이상 계속하여 거주하고 있는 시민 및 시민의 직계비속 나. 당해연도 타 장학금을 받지 아니한 자 [단, 대학생은 등록금 범위 내에서 타 장학금과 이중수혜 가능] 4. 구비서류 : 선발계획참조 5. 신청절차 : 신청서 작성 → (추천권자 취합) → 용인시장학재단 제출 6. 신 청 서 : 용인시장학재단 홈페이지에서 출력 ( www.yijanghak.or.kr ) 7. 접수장소 : 용인시 처인구 중부대로 1199 용인시청 3층, 용인시장학재단 (우)17019 8. 문 의 처 : 용인시장학재단 (☎ 6193-4823, 338-3416)",취업복지처,scholarship
양주시희망장학재단 2026년 제20기 장학생 모집 공고 안내,전체,2026-03-04,https://www.kduniv.ac.kr/kor/CMS/Board/Board.do?mCode=MN284&page=2&mode=view&mgr_seq=509&board_seq=70495,장학공지,"○ 모집분야 : 특기분야, 성적우수, 면학장려 ○ 공고기간 : 2026. 2. 27.(금) ~ 3. 20.(금) ○ 접수기간 : 2026. 3. 4.(월) ~ 3. 20.(금) ○ 모집인원 : 붙임1 공고문 참조 ○ 접수방법 : 개별접수(등기우편 또는 장학재단 방문접수) - 접수처 : (11452) 양주시 화합로 1475-45, 2층 양주시희망장학재단 ○ 문의사항 : 양주시 희망장학재단 사무국 ☎ 031-8082-7384",취업복지처,scholarship
2026학년도 1학기 자강 및 경동가족장학금 신청 안내,전체,2026-03-03,https://www.kduniv.ac.kr/kor/CMS/Board/Board.do?mCode=MN284&page=2&mode=view&mgr_seq=509&board_seq=70483,장학공지,"2026 학년도 1 학기 장학금 신청 안내 1. 신청기간 : 2026. 3. 3.(화 ) ~ 3. 17.(화 ) 18:00 마감 2. 신청 장학금 종류 장학 종류 내용 비고 ( 제출서류 ) 경동가족장학금 ◦형제자매 , 직계가족장학금 (2 인 이상 등록 시 장학 혜택 : 휴학 또는 자퇴 시 제외 ) 주민등록등본 또는 가족관계증명서 1 부 ( 가족표기 ), 통장 사본 1 부를 종합정보시스템에 업로드 자강장학금 ◦ 각 학과 반별 지도교수 추천장학 ◦ 각 학과에서 경제적 사정이 곤란한 학생 또는 지도교수의 추천으로 선발 ◦ 2~4학년만 신청 가능 장학금신청서 1 부 , 통장사본 1 부 3. 접수 가. 자강장학금 : 장학금 신청서 학과사무실(조교선생님)로 제출 나. 경동가족장학금 : 종합정보시스템에서 가족장학신청에 증빙서류 및 통장사본 업로드, 가족정보에서 가족등록. (자세한 내용은 매뉴얼 참조) ※ 장학금 신청은 학과로 접수 : 차후 허위서류 제출 시 장학금 전액 반납 및 장학금액이 등록금 초과 시 지급 취소 및 반환. ※ 경동가족장학금의 경우 신청자를 기준으로 장학금 지급.(ex.신청자가 학점미달이거나 등록금액이 초과되면 지급되지 않음) 4. 주의사항 : 상기 장학금은 신청 기간 종료 후에는 장학금을 지급 하지 않음, 2026학년도 1학기에 한국장학재단 및 공무원연금공단에서 대출금액이 있으면 장학금 수령 후 장학금액을 우선 대출상환해야 함. 5. 기타 문의 : 학과사무실 문의. *세부사항 붙임파일 참조",취업복지처,scholarship
26년도 1학기 고졸 후학습자 장학 사업(희망사다리Ⅱ유형) 신규 장학생 신청 안내,전체,2026-03-03,https://www.kduniv.ac.kr/kor/CMS/Board/Board.do?mCode=MN284&page=2&mode=view&mgr_seq=509&board_seq=70480,장학공지,"□ 신청기간 및 선발규모 ㅇ (신청기간)’26.3.4.(수) 9:00 ~ 3.20.(금) 18:00까지 ㅇ (신청방법) 재단 홈페이지에서 학생 직접 신청 ※ 별도의 대학참여 신청 없음 ㅇ (선발규모)최소 5,000명 예정 □ 지원대상 및 내용 ㅇ (지원대상) 대한민국 국적자로 학부 재학생이며, 재직요건을 충족한 학생 중 직전학기 성적이 100점 만점의 70점 이상인 자 ※신입·편입 (재입학) 생은 성적 심사 제외 - 재직요건: 고등학교 졸업자로서 심사일 기준 재직기간이 2년 이상(단, 현재 중소․중견기업 재직자는 1년 이상)이며, 심사일(’26.1.1.) 기준 장학생 선발 대상기업에 재직 중인 자 ㅇ (지원내용) 현 재직기업 유형 및 규모에 따라 등록금 차등지원",취업복지처,scholarship
2026년 경기도 청년기본소득 1분기 신청 안내,전체,2026-02-27,https://www.kduniv.ac.kr/kor/CMS/Board/Board.do?mCode=MN284&page=2&mode=view&mgr_seq=509&board_seq=70460,장학공지,"○ 신청기간 : 2026. 3. 3. ~ 2026. 4. 1. ○ 사업대상 : 관내 24세 청년(01.01.02. ~ 02.01.01.생) ○ 사업내용 : 1인당 연간 100만원(분기별 25만원) 지급 ○ 지원 및 신청요건 - 신청일 기준 양주시 거주 - 도내 3년 연속 또는 합산 10년 이상 거주 ○ 신청방법 : 온라인신청 - 경기도일자리재단 통합접수시스템(잡아바 어플라이) (https://apply.jobaba.net/) ○ 선정방법 : 연령 및 거주지, 거주기간 조건 심사 후 선정 ○ 지급방법 : 양주사랑카드 지역화폐 지급",취업복지,scholarship
2026학년도 1학기 주거안정장학금 우선지원 및 지원 제외 기준 안내,전체,2026-02-27,https://www.kduniv.ac.kr/kor/CMS/Board/Board.do?mCode=MN284&page=2&mode=view&mgr_seq=509&board_seq=70453,장학공지,"1. 사업목적 : 원거리 대학 진학으로 주거 부담이 있는 저소득 대학생의 주거 안정 지원을 위한 생활비(주거 관련 비용) 보조 용도의 주거안정장학금 지원 2. 지원 대상(학생) 가. 대한민국 국적을 소지하고 재학 중인 대학생 나. 사업 당해연도 1월 1일 기준 만 39세 이하('85.1.1. 이후 출생)로 미혼인 자 다. 기초생활수급자 또는 차상위계층으로 확인된 자 라. 부모의 주민등록정보 확인을 위한 가구원 동의를 완료한 자 마. 신청 대학생 부모 모두의 주민등록상 주소지가 신청 대학생 소속 대학을 기준으로 통학이 어려운 원거리 지역에 해당하는 자 ※ 단, 사망 또는 부양관계단절 등 부모 주소정보가 모두 없는 경우 원거리 심사 생략(면제) 바. 직전학기 12학점 이상 이수자로 C학점(70/100점) 이상을 획득한 자 ※ 이수학점은 취득학점 기준이며, 이수학점 산출 시 수강신청 정정기간 내 취소과목, F학점, 이수 후 포기과목은 미반영 (첫 학기에 한하여 성적 및 이수학점 기준 미적용) 3. 부모 주소 원거리 미인정 지역(캠퍼스별 기준) 가. 메디컬캠퍼스 : 원주시, 경기 여주시, 충북 충주시•제천시 나. 메트로폴캠퍼스 : (수도권) 서울특별시, 인천광역시 및 경기도 (*단, 인천광역시 행정구역 중 웅진군 전체, 강화군 교동면, 삼산면 및 서도면은 제외) 다. 글로벌캠퍼스 : 고성군 ※ 학생 소속대학 소재지 기준으로 주민등록상 부모 모두의 주소지가 원거리 미인정 지역에 해당하지 않는 경우 원거리 인정 4. 지원내용 가. 지원금액 : 월 최대 20만원(단, 3월과 9월은 20만원 정액 지급) 나. 지원범위 : 월 20만원 한도 내 학생이 지출한 주거 관련 비용 포괄 지원 - 주거 관련 비용 : 임차료(전•월세, 보증금 등), 주거 유지 관리비(수선유지비, 공동주택관리비 등),수도•연료비(상하수도, 전기, 가스, 열, 등유, 연탄 등), 주택임차•저당차입금 이자상환액 등 ※ 단, 보증금 월환산차임은 주택임차차입금 이자와 중복 청구할 수 없음(월세 대출 이자는 가능) ※ 임차료는 주택, 기숙사, 고시원 등 유형을 불문하고 거주를 목적으로 하는 사용료 모두 해당 5. 지원기간 가. 선정된 해당 학기에 지원(학기별 1회라도 수혜한 경우 1개 학기 수혜로 산정) 나. 1학기 : 3월~6월 / 2학기 : 9월~12월(※ 방학 중 미지급) 6. 장학금 지급요청 가. 장학생이 매월 지출한 주거비용에 대하여 '주거안정장학금 지급 요청서'를 작성하여 대학에 장학금 지급 요청(재단 홈페이지 이용) 나. 매월 기준 마지막날까지 지급 요청서 작성 ※ 제출일자 미준수 시 해당월 주거안정장학금 지급 불가 7. 우선지원 기준 : 주거안정장학 사업 교부금(장학금)을 초과하는 지원 대상자가 발생한 경우, 아래 기준에 따라 우선지원(또는 지원제외)하여 지원(붙임파일 참조) 장애소수집단학생 → 기초생활수급자인 대학 인근 자취(통학) 학생 → 기초생활수급자인 기숙사 입사생 → 차상위계층인 대학 인근 자취(통학) 학생 → 차상위계층인 기숙사 입사생 → 기초생활수급자인 성적우수자 → 차상위계층인 성적우수자 → 기초생활수급자인 연하자 → 차상위계층인 연하자 8. 지원제외 기준 가. 지급요청, 구비서류 제출 일정 등 미준수 자 나. 등록, 미등록 휴학대상자 다. 지자체 주거지원 장학금 지원 대상 등 라. 장학위원회 심의 결과 제외 대상자 ※ 우선지원 기준 및 지원제외 기준 붙임참조 2026.02.27.(금) 취업복지처장",취업복지처,scholarship
2026년 1학기 선원가족 장학사업 안내,전체,2026-02-26,https://www.kduniv.ac.kr/kor/CMS/Board/Board.do?mCode=MN284&page=3&mode=view&mgr_seq=509&board_seq=70439,장학공지,"1. 선발 대상: 선원법 제3조 적용선박에 승선 및 하선한 선원 및 그 가족 중, 고등학생 혹은 대학생 ＊ 선원가족의 범위: 본인, 배우자, 부모, 자녀 본인, 배우자, 부모, 자녀/선원이 손자, 손녀를 직접 부양할 경우와 형제 중 가족의 생계를 책임지고 있는 경우 선원이 세대주일 때 포함(단, 부모가 없을 경우) 2. 승무 경력: 총 경력 3년 이상으로 하선 후 1년 이내(연근해어선 부원은 1년 이상) 3. 소득 기준: 2024년도 선원월평균임금 이하 (「한국선원통계연보」기준) 4. 신청 기간 가. 접수: 3월 1일~4월 10일 나. 선발시기: 4월 5. 선발 금액: 고등학생 120만원/ 대학생 본인 부담액 기준 최대 350만원 6. 선발 인원: 00명(선발 인원은 예산범위 내에서 조정될 수 있음) 7. 선발 유형: 직전학기 성적 평균 2.0이상 ※ 붙임 참조",취업복지처,scholarship
2026년도 상반기 울산연구원 장학생 선발 안내,전체,2026-02-26,https://www.kduniv.ac.kr/kor/CMS/Board/Board.do?mCode=MN284&page=3&mode=view&mgr_seq=509&board_seq=70437,장학공지,"가. 공고기간: 2026.2.25.(월) ~ 4.3.(금) 나. 접수기간: 2026.3.25.(수) 10:00 ~ 4.3.(금) 18:00 다. 접수대상: 인재, 우수, 다자녀, 생활장학금, AI수도울산미래인재장학금(5종) ※ 붙임참조",취업복지처,scholarship
2026년 1학기 푸른등대 기부장학금 신규장학생 선발 안내,전체,2026-02-25,https://www.kduniv.ac.kr/kor/CMS/Board/Board.do?mCode=MN284&page=3&mode=view&mgr_seq=509&board_seq=70431,장학공지,□ 2026년 1학기 푸른등대 기부장학금 ○ 선발 인원: 신규장학생 총 692명 선발 예정 ○ 지원 기준: 저소득층 우수 대학생 등 ○ 지원 금액: 학기당 생활비 장학금 100만원 ~ 500만원 ○ 지원 기간: 1개 학기(26-1학기) 또는 2개 학기(26-1학기 ~ 26-2학기) □ 장학금 지급 ○ 장학금 신청: 학생 본인이 한국장학재단 누리집( www.kosaf.go.kr ) 또는 앱(App)에서 신청 ○ 신청 매뉴얼 등: 학생 신청 매뉴얼 및 기부처별 제출 서류 양식 등은 재단 누리집 및 관리자포털 공지사항에서 확인 가능 ○ 중복 지원: 26-1학기 푸른등대 신규 선발 기부장학금은 모두 생활비 장학금으로 ○ 신청 문의: 한국장학재단 상담센터 1599-2290,취업복지처,scholarship
2026년 1학기 통영시 대학생 등록금 전액 지원 사업,전체,2026-02-13,https://www.kduniv.ac.kr/kor/CMS/Board/Board.do?mCode=MN284&page=3&mode=view&mgr_seq=509&board_seq=70362,장학공지,"가. 신청기간: 2026.2.24.(화) ~ 3.31.(화) 18:00까지 나. 지원대상: 통영시에 주소를 둔 34세 이하 대학 1~4학년 재학생 다. 지원내용: 대학 등록금 중 국가(한국장학재단 등), 학교에서 지원받는 등록금(장학금) 등을 제외한 본인부담금을 최소 30% ~ 최대 100% 지원 라. 신청방법: 홈페이지(tyss.or.kr)를 통한 온라인 신청 및 방문, 우편 접수 마. 필요서류: 자세한 사항은 홈페이지 또는 안내문 참조",취업복지처,scholarship
2026학년도 1학기 사립학교교직원연금공단 국고학자금대여 신청 안내,전체,2026-02-10,https://www.kduniv.ac.kr/kor/CMS/Board/Board.do?mCode=MN284&page=3&mode=view&mgr_seq=509&board_seq=70292,장학공지,"가. 지원범위: 교직원 및 그 자녀의 국내외대학 및 학점은행제 (전문)학사과정 ※ 대학원 석, 박사 과정 지원 불가 나. 지원금액: 필수경비(입학금+수업료)에서 장학금을 제외한 실납부액 ※ 해외대학의 경우 해당 범위 내에서 1년에 최대 1만 달러(미화) 수혜 가능 다. 상황 방법: (재직 중) 졸업 후 2년 뒤 원금균등분할 상환 (퇴직 시) 일시상환 또는 퇴직급여 공제 ※ 퇴직 후 익월부터 3년이내 연금 개시되는 경우, 3년이내 분할 상환 라. 신청 기간: 2026.1.2. ~ 2026.6.15 마. 상세 내용: 붙임 참조",취업복지처,scholarship
2026년 1학기 국가장학금 2차 신청 안내,전체,2026-01-29,https://www.kduniv.ac.kr/kor/CMS/Board/Board.do?mCode=MN284&page=3&mode=view&mgr_seq=509&board_seq=70035,장학공지,"교육부 푸른등대 한국장학재단 네 꿈에 비트를, 청년에 기회를 국가장학금! 2026년 1학기 2차 국가장학금 신청기간 ’26. 2. 3. (화) 09시 ~ 3. 17. (화) 18시 ※ 반드시 기간 내 신청 신청대상 재학생, 신입생(고3, 재수생 등 입학예정자), 편입생, 재입학생, 복학생 등 모든 대학생 ※ 재학생은 1차 신청이 원칙이며, 재학 중 2회에 한해 2차 신청으로 수혜 가능 신청방법 ✓ 반드시 학생 본인이 직접 신청 ✓ 전자서명수단 한 가지 준비 ① 공동인증서 ② 금융인증서 ③ 간편인증 ✓ 한국장학재단 누리집 및 모바일 앱에서 신청 ※ 반드시 학생 본인이 직접 신청 누리집 www.kosaf.go.kr 모바일 앱 QR코드 이미지 Android QR코드 이미지 IOS 신청기간 국가장학금 신청 ’26. 2. 3. (화) 9시 ~ 3. 17. (화) 18시 ※ 마감 이후 국가장학금 신청 불가하므로 반드시 기간 내 신청 서류제출 및 가구원 동의기간 ’26. 2. 3. (화) 9시 ~ 3. 24. (화) 18시 ✓ 가구원 동의 방법 : ① 한국장학재단 누리집 ② 한국장학재단 모바일 앱 ③ 민간사 앱(웰로) ※ 서류 제출 대상자는 온라인으로 서류 제출 필수! 신청 2~3일 후 누리집 및 모바일 앱에서 제출 필요 서류 확인 신청문의 한국장학재단 상담센터 1599-2000 국가장학금 신청문의 챗봇상담 QR코드 이미지 ○ (국가장학금 신청) '26.2.3.(화) 9시~3.17.(화) 18시 ○ (서류제출 및 가구원동의) '26.2.3.(화) 9시~3.24.(화) 18시 ○ (신청대상) 재학생, 신입생(고3, 재수생 등 입학예정자), 편입생, 재입학생, 복학생 등 모든 대학생 ※ 재학생은 1차 신청이 원칙이며, 재학 중 2회에 한해 2차 신청으로 수혜 가능 ○ (지원단가) '25년 2학기 국가장학금 연간 지원단가와 동일 ○ (신청방법) 한국장학재단 누리집( www.kosaf.go.kr ) 및 모바일 앱에서 신청 ○ (신청문의) 한국장학재단 상담센터 ☎ 1599-2000",취업복지처,scholarship
2026학년도 1학기 2차 주거안정장학금 학생 신청 안내,전체,2026-01-28,https://www.kduniv.ac.kr/kor/CMS/Board/Board.do?mCode=MN284&page=3&mode=view&mgr_seq=509&board_seq=70029,장학공지,"교육부 푸른등대 한국장학재단 꿈에 안정을 + 더하세요 늦지말고, 주거안정장학금 신청하세요 주거안정 장학금이란? ① 원거리 대학에 다니는 ② 기초·차상위학생에게 [주거관련 비용]을 월 최대 20만원 지원하는 장학금 신청기간 ’26. 2. 3. (화) 09시 ~ 3. 17. (화) 18시 서류제출 및 가구원 동의기간 ’26. 2. 3. (화) 9시 ~ 3. 24. (화) 18시 ※ 원거리 심사를 위한 부모 주소 정보 확인을 위하여 가구원 동의 필수 신청대상 주거안정장학금사업 참여 대학 재학생, 신입생(고3, 재수생 등 입학 예정자), 편입생, 재입학생, 복학생 등 모든 대학생 중 만 39세 이하(86년 1월 1일 이후 출생), 미혼, 기초/차상위계층의 원거리 진학자 ※ 국가 및 지방자치단체에서 지원하는 주거 관련 지원금과 중복 지원 불가 대학소재지 기준 부모님의 주소지가 다른 교통권에 있는 경우 A 대도시권역 : 수도권 / 부산·울산권 / 대구권 / 광주권 / 대전권 / 전주권 B 시지역 : 인접(시)의 경계를 맞닿고 있는(시)까지 C 군지역 : 해당 군지역 범위까지 ※ 단, 사망 또는 부양관계단절 등 부모 주소정보가 모두 없는 경우 원거리 심사 생략(면제) 지원금액 및 지급방식 • 월 20만원 한도 범위 내 (연간 최대 240만원 지원) • 대학이 주거안정장학금 지급 요청서 검토 후 월 지급 한도 범위 내에서 학생이 지출한 비용(실비)을 개별 지급 신청방법 • 반드시 학생 본인이 직접 신청 • 한국장학재단 누리집 및 모바일 앱에서 신청 • 사용 가능한 전자서명수단 한 가지 준비 ① 공동인증서 ② 금융인증서 ③ 간편인증(카카오톡, 통신사PASS, KB인증서, 삼성패스, 네이버, 신한인증서, 토스, 뱅크샐러드, 하나인증서) • 서류 제출 대상자는 온라인으로 서류 제출 필수 신청 2~3일 후 누리집 및 모바일 앱에서 제출 필요 서류 확인 누리집 www.kosaf.go.kr 모바일 앱 QR코드 Android QR코드 IOS 신청문의 1599-2000 한국장학재단 상담센터 □ 1학기 2차 신청일정: 2026.02.03.(화) 9시 ~ 03.17.(화) 18시 □ 서류제출 및 가구원동의: 2026.02.03.(화) 9시 ~ 03.24.(화) 18시 □ 선발결과 공개일: 2026년 4월(예정)",취업복지처,scholarship
2026년 상반기 울산광역시 대학(원)생 학자금대출 이자지원사업 안내,전체,2026-01-12,https://www.kduniv.ac.kr/kor/CMS/Board/Board.do?mCode=MN284&page=3&mode=view&mgr_seq=509&board_seq=69819,장학공지,○ 신청기간: 2026.1.14.(수) 09:00 ~ 2.20.(금) 18:00 ○ 지원대상: 공고일('26.1.14.) 기준 본인 혹은 직계존속의 주소가 울산 인 대학교(원) 재학(휴학)생 ○ 지원내용: 2017년 이후 한국장학재단 신규대출분의 2025년도 하반기(7.~12월) 발생이자 ○ 신청방법: 울산광역시 홈페이지 접속 후 신청(시 홈페이지 > (하단)분야별 자주찾는 메뉴 > 행정 > 학자금대출 이자지원),취업복지처,scholarship
2026년 우양재단 신규 장학생(다솜) 모집 안내,전체,2026-01-07,https://www.kduniv.ac.kr/kor/CMS/Board/Board.do?mCode=MN284&page=3&mode=view&mgr_seq=509&board_seq=69736,장학공지,"우양재단 2026 우양재단 마루 · 나래 · 다솜 신규 장학생 모집(~1/26) 접수일정 접수일정 구분 일정 신청접수 ~ 2026. 1. 26. (월) 1차 서류 합격자 발표 2026. 2. 16. (월) 2차 전화 심사 2026. 2. 18. (수) ~ 2. 19. (목) 中 합격자 발표 2026. 2. 26. (목) ※ 위 일정은 기관 내부 사정 등에 따라 변동될 수 있음 지원내용 - 생활비성 학업장려금 학기별 150만원 지원 (최대 4학기) - 파고다어학원 수강 할인 - 대학원(석사과정) 장학 신청 자격 부여 지원기간 - 2026년 선발 시점부터 졸업 시까지 (정규 학기 기준) 접수방법 신청서 작성 및 필수서류 구비 후 우양재단 홈페이지 공지문의 구글폼으로 제출 지원자격 [공통] - 나눔의 선순환을 꿈꾸는 청년 - 2026년 1학기 기준, 3학년 1학기 진학 예정자 - 학자금지원구간 4분위 이하 ※ 건축학과, 의예과 등 5, 6년제 학과의 경우, 2026년 1학기 포함 잔여 정규학기 4학기이면 지원 가능 ※ 다솜 장학은 2년제-2학년 1학기, 3년제-3학년 1학기생 지원 가능 ※ 휴학생, 졸업유예생, 초과학기생, 학점은행제, 사이버대학생 등은 제외 ※ 현재 우양재단 장학금을 받고 있는 경우, 신청 불가 ※ 지원 분야 중복 신청 불가, 한 가정에 1명만 신청 가능 ※ 우양재단 장학은 타 재단 장학과 중복 수혜 가능(재단 내 장학은 중복 수혜 불가) 장학금 유형별 기준 장학명 학교기준 성적 기준 구분 마루 서울/경인 4년제 3.0/4.5 이상 일반 나래 2.5/4.5 이상 북한이탈주민 다솜 전국 2, 3, 4년제 자립준비청년 ※ 지원분야별 자세한 지원 자격은 홈페이지 참고 관련 문의 우양재단 사업3팀 장학 담당자 wyserve@wooyang.or.kr 02-333-1287 가. 2026년 우양재단 다솜 장학생 모집 나. 대상 º 보호시설 출신 자립준비청년 또는 시설에 거주 중인 자 중 아래의 조건을 모두 충족하는 자 - 국내 정규 4년제 대학 또는 2~3년제 전문대학에 재학 중인 자(방송통신 및 사이버 대학 제외) - 4년제인 경우: (2026년 1학기) 3학년 5학기 진학 예정자 * 3학년 6학기 진학 예정자 지원 불가 - 2,3년제인 경우: (2026년 1학기) 2학년 3학기 진학 예정자 * 2학년 4학기 진학 예정자 지원 불가 ※ 건축학과, 의예과 등 5,6년제 학과의 경우, 2026년 1학기 포함 잔여 정규학기 4학기 - 직전 정규 학기 12학점 이상, 성적 2.5/4.5(2.4/4.3) 이상 - 2026년 1학기 기준 학자금 지원구간 4분위 이하(중위소득 90% 이하) 다. 접수기한: 2026년 1월 26일(월)까지 라. 제출 및 구비서류 1. 장학금신청서 +자기소개서(첨부양식 참조) 2. (부 또는 모 명의) 가족관계증명서 3. (본인명의) 주민등록등본 4. 재학증명서(국문, 26년 1월 1일 이후 발급) 5. 성적증명서(국문, 전체학기 명시) 6. 신분증 및 통장사본(학생 본인 명의) 7. 경제형편 증빙서류(수급자, 차상위, 한부모증명서, 학자금지원구간확인서(4분위 이하) 중 해당되는 서류 1부) 8. 개인정보 수집 이용 활용 동의서 9. 입(퇴)소 확인서 ※ 신청서를 포함한 모든 제출서류는 사진촬영이 불가 , 스캐너를 이용하여 스캔하거나 원본파일로 제출 마. 장학금 지급 기간: 선발 시점부터 졸업 시까지 / 선발된 학기 휴학 시, 장학생 탈락 바. 장학금 지급 금액: 한 학기 1,500,000원 학업장려금 지원(1년 총 3,000,000원) 사. 접수방법: 우양재단 홈페이지 모집공고문을 통한 온라인 접수 아. 서류다운로드: 우양재단 홈페이지( https://www.wooyang.org/News/?idx=169251535&bmode=view ) 자. 문의: 우양재단 장학담당자(02-333-1287) - 이메일: wyserve@wooyang.or.kr - 카카오톡: wylearn 우양재단",취업복지처,scholarship
2026년 1학기 농촌출신대학(원)생 학자금대출 시행계획 안내,전체,2026-01-07,https://www.kduniv.ac.kr/kor/CMS/Board/Board.do?mCode=MN284&page=3&mode=view&mgr_seq=509&board_seq=69728,장학공지,"농림축산식품부 푸른등대 한국장학재단 이번 학기부터 농식품인재 대상학과인 대학원생도 가능 농촌출신대학(원)생의 꿈을 위한 밀거름 2026년 1학기 농촌출신대학(원)생 학자금대출 1차 신청 : ’26. 1. 5.(월) ~ 1. 20.(화) 2차 신청 : ’26. 2. 2.(월) ~ 2. 27.(금) 농촌출신대학(원)생 학자금대출 신청안내 농촌출신대학(원)생 학자금대출이란? 농어촌출신 학부생 및 대학원생에게 등록금 전액을 무이자로 대출해줌으로써 농어업인 자녀들의 고등교육기회를 보장하는 대출제도 지원자격 • 농어촌지역에 주민등록 주소를 두고 6개월 이상 거주 또는 농어업에 종사하고 있는 보호자의 자녀 또는 배우자(학부생 및 대학원생) • 농어업에 종사하는 학부생 및 대학원생 본인 • 농식품인재 지원대상학과(농업계대학 농림축산식품계열) 재학, 복학, 입학 예정인 학부생 및 대학원생 * 학기 중 전국농림축산식품인재협의회 가입내역 변동, 학과 통폐합 및 명칭 변경 등으로 농식품인재 대상학과 변동 가능 대출금리 무이자 대출금액 당해학기 대학이 통보한 등록금 전액(입학금, 수업료 등) ※ 생활비, 기숙사비는 대출금액 대상에서 제외 (단, 한국장학재단 일반상환·취업후상환 생활비대출 이용 가능) 신청기간 및 서류제출 일정 • (1차) 2026. 1. 5.(월) ~ 1. 20.(화) • (2차) 2026. 2. 2.(월) ~ 2. 27.(금) ※ 9시부터 24시까지 신청 가능(주말 및 공휴일 가능) ※ 단, 신청마감일은 18시까지 신청 가능 대상자 선정 절차 대출신청(학생) ▶ 대출심사(재단) ▶ 대출실행(학생) 신청방법 한국장학재단 누리집 및 모바일앱에서 신청 가능 누리집 www.kosaf.go.kr 모바일 앱 QR코드 Android QR코드 IOS □ 주요사항 ○ 지원 목적: 농어촌지역 학부모의 교육비 부담 경감 및 농촌 출신 대학(원)생에 대한 균등한 교육기회 제공 ○ 대출금액: 당해 학기 대학(원)이 통보한 등록금 전액 ※ 생활비는 농촌학자금대출 대상에서 제외(한국장학재단 일반상환, 취업후상환 생활비대출로 이용 가능) ○ 대출조건: 무이자 ○ 대출일정 구분 기간 비고 신청 및 제출서류(1차) 2026.1.5.(월) ~ 2026.1.20.(화) 재단 내부심사(거주 및 종사요건 등) 신청 및 제출서류(2차) 2026.2.2.(월) ~ 2026.2.27.(금) 대출 실행(1차) 2026.2.19.(목) ~ 2026.4.10.(금) 개인별 대학지정계좌 지급 대출 실행(2차) 2026.3.23.(월) ~ 2026.4.10.(금) ※ 상기 일정은 추진상황 및 대체공휴일 지정 등에 따라 변동 가능 ※ 신청 시작일 09:00부터 24:00까지 신청 가능(주말 및 공휴일 포함). 단, 신청마감일은 18:00까지 신청 가능 ※ 실행은 실행기간 중 09:00~17:00까지 가능(주말 및 공휴일 제외). 단, 대학별 수납마감 시간 이내에만 가능",취업복지처,scholarship
[공통/취사교] (★인성) 2026학년도 기업가 정신 특강,경동,2026-05-21,https://www.kduniv.ac.kr/kor/CMS/Board/Board.do?mCode=MN285&mode=view&mgr_seq=510&board_seq=71474,센터공지,[공통/취사교] (★인성) 2026학년도 기업가 정신 특강,취업사관교육센터,center
AI 전공연계 직무역량 경진대회[AI Job Challenge),양주,2026-05-18,https://www.kduniv.ac.kr/kor/CMS/Board/Board.do?mCode=MN285&mode=view&mgr_seq=510&board_seq=71440,센터공지,.,취업복지처,center
[교수학습센터] 2026학년도 1학기 A+학습법 특강 2 신청 안내 (경동대 편입생 및 복학생 대상),경동,2026-05-14,https://www.kduniv.ac.kr/kor/CMS/Board/Board.do?mCode=MN285&mode=view&mgr_seq=510&board_seq=71416,센터공지,자세한 내용은 온사람통합관리시스템 신청 페이지를 확인하여 주시기 바랍니다.,교수학습센터,center
[교수학습센터] 2026학년도 1학기 A+학습법 특강 1 신청 안내 (경동대 모든 재학생 대상),경동,2026-05-14,https://www.kduniv.ac.kr/kor/CMS/Board/Board.do?mCode=MN285&mode=view&mgr_seq=510&board_seq=71415,센터공지,자세한 내용은 온사람통합관리시스템 신청 페이지를 확인하여 주시기 바랍니다.,교수학습센터,center
"[교수학습센터] ""인성교육 인정"" 2026학년도 1학기 온사람 교육 신청 안내",경동,2026-05-14,https://www.kduniv.ac.kr/kor/CMS/Board/Board.do?mCode=MN285&mode=view&mgr_seq=510&board_seq=71414,센터공지,자세한 내용은 온사람통합관리시스템 신청 페이지를 확인하여 주시기 바랍니다.,교수학습센터,center
[학생상담센터]2026-1 우수상담수기 공모전,경동,2026-05-08,https://www.kduniv.ac.kr/kor/CMS/Board/Board.do?mCode=MN285&mode=view&mgr_seq=510&board_seq=71357,센터공지,[학생상담센터]2026-1 우수상담수기 공모전,학생상담센터,center
[학생상담센터] 진로탐색 검사&특강 수강 (인성교육 인정),경동,2026-04-14,https://www.kduniv.ac.kr/kor/CMS/Board/Board.do?mCode=MN285&mode=view&mgr_seq=510&board_seq=71031,센터공지,[학생상담센터] 진로탐색 검사&특강 수강 (인성교육 인정),학생상담센터,center
메트로폴 학생상담센터 1학기 프로그램 일정 안내 (업데이트),양주,2026-03-30,https://www.kduniv.ac.kr/kor/CMS/Board/Board.do?mCode=MN285&mode=view&mgr_seq=510&board_seq=70871,센터공지,메트로폴 학생상담센터 1학기 프로그램 일정 안내 (업데이트),학생상담센터,center
"[메트로폴/취사교] 취업을 뛰어넘는 것은 면접, 오늘은면접day!",양주,2026-03-09,https://www.kduniv.ac.kr/kor/CMS/Board/Board.do?mCode=MN285&mode=view&mgr_seq=510&board_seq=70545,센터공지,※ 개인 신청시 센터로 스케줄 문의 필수,취업사관교육센터,center
"[메트로폴/취사교] 똑똑, 진로·취업·창업 상담",양주,2026-03-05,https://www.kduniv.ac.kr/kor/CMS/Board/Board.do?mCode=MN285&mode=view&mgr_seq=510&board_seq=70517,센터공지,"[메트로폴/취사교] 똑똑, 진로·취업·창업 상담",취업사관교육센터,center
[메트로폴/취사교] 창업 청춘상회 플리마켓! 구경오세요:-),양주,2026-05-26,https://www.kduniv.ac.kr/kor/CMS/Board/Board.do?mCode=MN285&page=2&mode=view&mgr_seq=510&board_seq=71585,센터공지,[메트로폴/취사교] 창업 청춘상회 플리마켓! 구경오세요:-),취업사관교육센터,center
[국민건강보험공단 주최] 「NHIS Global Forum 2026」개최 안내,경동,2026-05-15,https://www.kduniv.ac.kr/kor/CMS/Board/Board.do?mCode=MN285&page=2&mode=view&mgr_seq=510&board_seq=71425,센터공지,"[행사 개요] ·행사명: NHIS Global Forum 2026 ·일시: 2026. 6. 1.(월) ~ 6. 2.(화) ·장소: 그랜드 인터컨티넨탈 서울 파르나스 2층 오키드홀 ·주제: 건강노화로의 여정: 활기찬 삶, 존엄한 노년 (Healthy Ageing with Vitality and Dignity) ·내용: 초고령사회 대응을 위한 예방과 통합돌봄, 생애말기 케어를 아우르는 건강한 노화전략과 주요 이슈 조망 ·국민건강보험공단 주최 [참여 및 협조 요청사항] 참석 등록: 첨부된 메인 포스터의 QR 링크 를 통해 '기관참석' 등록을 해주시기 바랍니다. 등록 시, ‘참가자 간 네트워킹 서비스 이용 동의(선택)’ 항목에 반드시 체크하여 주시기 바랍니다. 이 글은 단순 포럼 홍보자료이며 각자 참석등록을 완료한 후 개별적으로 참가하셔야합니다.",취업사관교육센터,center
[학생상담센터]메디컬 생명사랑 캠페인,원주,2026-05-08,https://www.kduniv.ac.kr/kor/CMS/Board/Board.do?mCode=MN285&page=2&mode=view&mgr_seq=510&board_seq=71356,센터공지,[학생상담센터]메디컬 생명사랑 캠페인,학생상담센터,center
[메트로폴/취사교] 교내 플리마켓 셀러를 모집합니다!!!(~5/20),양주,2026-05-07,https://www.kduniv.ac.kr/kor/CMS/Board/Board.do?mCode=MN285&page=2&mode=view&mgr_seq=510&board_seq=71352,센터공지,[메트로폴/취사교] 교내 플리마켓 셀러를 모집합니다!!!(~5/20),취업사관교육센터,center
(메디컬)도전! 창업골든벨,원주,2026-05-04,https://www.kduniv.ac.kr/kor/CMS/Board/Board.do?mCode=MN285&page=2&mode=view&mgr_seq=510&board_seq=71313,센터공지,(메디컬)도전! 창업골든벨,취업사관교육센터,center
(메디컬) AI기반 메디컬 채용전형 통과하기,원주,2026-04-30,https://www.kduniv.ac.kr/kor/CMS/Board/Board.do?mCode=MN285&page=2&mode=view&mgr_seq=510&board_seq=71292,센터공지,(메디컬) AI기반 메디컬 채용전형 통과하기,취업사관교육센터,center
"[공통/취사교] 내 인생, 첫 출근! (제5회 KDUCorp. 입사지원 페스티벌 개최) ★기간연장 ~6월7일 까지★",경동,2026-04-29,https://www.kduniv.ac.kr/kor/CMS/Board/Board.do?mCode=MN285&page=2&mode=view&mgr_seq=510&board_seq=71263,센터공지,"[공통/취사교] 내 인생, 첫 출근! (제5회 KDUCorp. 입사지원 페스티벌 개최) ★기간연장 ~6월7일 까지★",취업사관교육센터,center
"[공통/취사교] 내 인생, 첫 출근! (제5회 KDUCorp. 입사지원 페스티벌 개최)",경동,2026-04-29,https://www.kduniv.ac.kr/kor/CMS/Board/Board.do?mCode=MN285&page=2&mode=view&mgr_seq=510&board_seq=71262,센터공지,"[공통/취사교] 내 인생, 첫 출근! (제5회 KDUCorp. 입사지원 페스티벌 개최)",취업사관교육센터,center
[취사교]*인성교육*간호보건계열 성공 창업스토리 특강,경동,2026-04-27,https://www.kduniv.ac.kr/kor/CMS/Board/Board.do?mCode=MN285&page=2&mode=view&mgr_seq=510&board_seq=71203,센터공지,"안녕하세요. 취업사관교육센터 입니다. 메디컬 캠퍼스 취업사관교육센터에서는 간호사연구소 한동수 대표 의 간호보건계열 성공 창업스토리 특강 을 시행합니다. 관심있는 재학생들의 많은 참여를 바랍니다. ★소감문(100자 이상) 제출자에 한해 인성교육 인정 ★만족도 조사 참여 시 커피 기프티콘 증정(선착순120명) □신청방법 온사람통합관리시스템->역량개발->비교과프로그램신청-> 해당 프로그램 신청(신청서 양식 없이 신청 접수) □문의: 메디컬 취사교 033-738-1485, 1266",취업사관교육센터,center
"[학생상담] 마음건강 스크리닝 검사 (무료 해석상담, 마일리지 1점)",경동,2026-04-27,https://www.kduniv.ac.kr/kor/CMS/Board/Board.do?mCode=MN285&page=2&mode=view&mgr_seq=510&board_seq=71196,센터공지,"[학생상담] 마음건강 스크리닝 검사 (무료 해석상담, 마일리지 1점)",학생상담센터,center
[메트로폴 학생상담] 나의 발견 '퍼스널 컬러 찾기',양주,2026-04-27,https://www.kduniv.ac.kr/kor/CMS/Board/Board.do?mCode=MN285&page=3&mode=view&mgr_seq=510&board_seq=71195,센터공지,[메트로폴 학생상담] 나의 발견 '퍼스널 컬러 찾기',학생상담센터,center
"[메트로폴 학생상담] 마음건강 집단상담 (향수, 가죽지갑 만들기 등)",양주,2026-04-27,https://www.kduniv.ac.kr/kor/CMS/Board/Board.do?mCode=MN285&page=3&mode=view&mgr_seq=510&board_seq=71194,센터공지,"[메트로폴 학생상담] 마음건강 집단상담 (향수, 가죽지갑 만들기 등)",학생상담센터,center
[메트로폴 학생상담] 푸드테라피 에그타르트&버터떡 만들기,양주,2026-04-27,https://www.kduniv.ac.kr/kor/CMS/Board/Board.do?mCode=MN285&page=3&mode=view&mgr_seq=510&board_seq=71192,센터공지,[메트로폴 학생상담] 푸드테라피 에그타르트&버터떡 만들기,학생상담센터,center
「2026 강원특별자치도 정주 및 취･창업 활성화를 위한 빈집활용 해커톤 대회」,전체,2026-04-24,https://www.kduniv.ac.kr/kor/CMS/Board/Board.do?mCode=MN285&page=3&mode=view&mgr_seq=510&board_seq=71198,센터공지,"2026. 4. 24(금) ~ 5.13(수) 13시까지 , 제출서류를 이메일 로 제출 ( skyrain@kduniv.ac.kr ) ※자세한 사항은 첨부된 공고문 참조 문의: 033)738-1398, 1399",KDU RISE 사업단,center
(메디컬) 2026 취업역량경진대회 시행 안내,원주,2026-04-23,https://www.kduniv.ac.kr/kor/CMS/Board/Board.do?mCode=MN285&page=3&mode=view&mgr_seq=510&board_seq=71174,센터공지,(메디컬) 2026 취업역량경진대회 시행 안내,취업사관교육센터,center
[메트로폴/취사교] 2026학년도 취업역량경진대회,양주,2026-04-22,https://www.kduniv.ac.kr/kor/CMS/Board/Board.do?mCode=MN285&page=3&mode=view&mgr_seq=510&board_seq=71167,센터공지,※ 반드시 신청서 파일의 안내글을 사전에 확인하여 주시기 바랍니다.,취업사관교육센터,center
"[메트로폴/취사교] 망해도 경험, 잘하면 CEO! Fun Fun 창업",양주,2026-04-21,https://www.kduniv.ac.kr/kor/CMS/Board/Board.do?mCode=MN285&page=3&mode=view&mgr_seq=510&board_seq=71151,센터공지,"[메트로폴/취사교] 망해도 경험, 잘하면 CEO! Fun Fun 창업",취업사관교육센터,center
[교수학습센터] AI 학습 도구 활용 역량 강화 특강 참여 안내,경동,2026-04-20,https://www.kduniv.ac.kr/kor/CMS/Board/Board.do?mCode=MN285&page=3&mode=view&mgr_seq=510&board_seq=71128,센터공지,[교수학습센터] AI 학습 도구 활용 역량 강화 특강 참여 안내,교수학습센터,center
"[학생상담센터] 마음건강 집단상담 팔찌 만들기, 핸드크림 만들기",원주,2026-04-16,https://www.kduniv.ac.kr/kor/CMS/Board/Board.do?mCode=MN285&page=3&mode=view&mgr_seq=510&board_seq=71104,센터공지,"[학생상담센터] 마음건강 집단상담 팔찌 만들기, 핸드크림 만들기",학생상담센터,center
[학생상담센터] 대학적응향상프로그램 퍼스널 컬러 진단,원주,2026-04-16,https://www.kduniv.ac.kr/kor/CMS/Board/Board.do?mCode=MN285&page=3&mode=view&mgr_seq=510&board_seq=71103,센터공지,[학생상담센터] 대학적응향상프로그램 퍼스널 컬러 진단,학생상담센터,center
경기북부상공회의소 직원 채용(~5.19),경동,2026-05-07,https://www.kduniv.ac.kr/kor/CMS/Board/Board.do?mCode=MN286&mode=view&mgr_seq=511&board_seq=71350,취업공지,.,취업복지처,career
청년 정책참여 「청년인재DB」등록 홍보,양주,2026-04-21,https://www.kduniv.ac.kr/kor/CMS/Board/Board.do?mCode=MN286&mode=view&mgr_seq=511&board_seq=71160,취업공지,청년 정책참여 「청년인재DB」등록 홍보,취업복지처,career
전국 지역인재 7급 수습직원 선발시험 안내 및 접수,경동,2026-01-02,https://www.kduniv.ac.kr/kor/CMS/Board/Board.do?mCode=MN286&mode=view&mgr_seq=511&board_seq=69663,취업공지,전국지역인재 7급 수습직원 선발시험 안내 2026 전국지역인재 7급 수습직원 선발시험 안내 대상 성적 요건 절차 접수 및 문의 · 대학 졸업 예정자 · 졸업자 (졸업일이 당해 시험 연도 기준 역산하여 3년 이내) · 학과 성적 상위 10% 이내 · 영어(토익 700 이상 등) · 한국사 2급 이상 · 학교 인사위원회 추천→서류전형→필기시험→면접전형 · 메트로폴 취업사관교육센터 (T. 031-869-9967) ** 접수 전 반드시 취업사관교육센터에 문의 후 지원서 제출 바랍니다** (T.031-869-9967),취업사관교육센터,career
2026년 겨울방학 강원특별자치도 대학생 행정체험연수 참가 추천 학생 모집 안내,원주,2025-12-08,https://www.kduniv.ac.kr/kor/CMS/Board/Board.do?mCode=MN286&mode=view&mgr_seq=511&board_seq=69066,취업공지,"2026 WINTER VACATION INTERNSHIP 강원특별자치도 대학생 행정체험연수 참가 추천 학생 모집 4주 근무 급여 4주 근무 급여 만근 기준 / 보험료 공제 별도 2,320,710원 근무 정보 근무 기간 2026. 1. 5.(월) ~ 1. 30.(금) 총 4주간 근무 시간 09:00 ~ 18:00 주 5일 근무 (1일 8시간) 근무지 및 부서 근무지 및 부서 춘천 또는 강릉 (예정) · 지역소멸대응정책관 · 총무과/회계과 · 소방행정과 · 여성가족연구원 * 운영 여건에 따라 변동 가능 모집 및 선발 기준 모집 인원 총 2명 (남 1명 / 여 1명) 우선 선발 기초수급자, 차상위계층 등 *복지급여 영향 여부 확인 필수 최근 1년 내 행정체험연수 참가자는 추천에서 제외됩니다. 마감 임박 2025. 12. 11.(목) 17:00 제출처 (이메일 접수) g_nie93@kduniv.ac.kr 제출서류 및 상세 내용은 학과 사무실 또는 공지사항 첨부파일 확인 요망 강원특별자치도 대학생 행정체험연수 홍보 포스터 .",취업복지처,career
양주시2040+경기도5070일자리박람회 스타강사 취업특강,양주,2025-11-10,https://www.kduniv.ac.kr/kor/CMS/Board/Board.do?mCode=MN286&mode=view&mgr_seq=511&board_seq=68564,취업공지,"변화의 중심 기회의 경기 YangJu 양주시 경기도일자리재단 경기5070 그레잇잡투어 PLUS 양주시 경기도 2040+5070 일자리박람회 취업특강 11.18.(화) 13:00~14:00 경기섬유종합지원센터 대강당 B1 「내일을 바꾸는 취업전략」 유퀴즈출연 스타강사 취업의 신 황인 주요 경력및활동 • (주)에치와이(구, 한국야쿠르트) 대표강사 • 유튜브 '황엔터' 크리에이터 • tvN 유퀴즈온더블럭 '취업의신'편 출연 • MBC 굿모닝 FM 장성규입니다 '취업특집'편 출연 사전참여신청은 지금 바로 QR! 문의사항 양주시 지역경제과 일자리지원팀 (031-8082-6082) << 양주시2040+경기도5070일자리박람회 스타강사 취업특강 >> 가. 일 시 : 11. 18.(화) 13:00~14:00 *일자리박람회 14:00-17:00 나. 장 소 : 경기섬유종합지원센터 컨벤션홀 다. 강 사 : 유퀴즈 출연 '취업의 신' 황인 라. 주 제 : 내일을 바꾸는 취업전략 마. 협조 요청 사항 - 재학생, 졸업생 등 관내 청년 대상 사전 참여 신청 홍보(문자, 카카오톡 등) - 기관 홈페이지, SNS채널, 공식 블로그, 공지사항 내 포스터 등록 게시 바. 참여방법 : 사전 참여 신청(취업특강 홍보포스터 내 QR 신청) *현장 등록 가능 사. 연 락 처 : 양주시 지역경제과 일자리지원팀 (031-8082-6082) 경기도5070일자리박람회 사무국(T 1660-3352)",홍보센터,career
2025년 하반기 CJ프레시웨이 신입사원 채용 설명회 안내,경동,2025-09-04,https://www.kduniv.ac.kr/kor/CMS/Board/Board.do?mCode=MN286&mode=view&mgr_seq=511&board_seq=67142,취업공지,"CJ 프레시웨이 2025년 하반기 CJ프레시웨이 신입사원 채용 설명회 설명회 일정 설명회 일정 일정 시간 장소 사전신청 9/16(화) 오후 2시~4시 캐치카페 신촌점 신청하기 9/19(금) 오후 3시~4시 캐치TV 라이브 신청하기 * 온라인 설명회는 유튜브 캐치TV에서 시청 가능합니다. * 캐치카페 신촌점 : 서울 서대문구 연세로 8-1 버티고타워 5층 설명회 구성 1부 회사 및 채용전형 소개 2부 현직자 직무상담(영업, MD, SCM, IT, R&D, 식품안전) .",취업복지처,career
[전액무료] 7.25(금)마감 / GCP 기반 AI 서비스 프로젝트 개발 과정,경동,2025-07-23,https://www.kduniv.ac.kr/kor/CMS/Board/Board.do?mCode=MN286&mode=view&mgr_seq=511&board_seq=66590,취업공지,"경기도 x Google Cloud 2025년 Google Cloud AI 전문인력 양성과정 GCP 기반 AI 서비스 프로젝트 개발 과정 교육생 모집 교육 소개 • 교육 대상 클라우드 서비스에 관심이 있는 아래에 해당하는 경기도민 -경기도민 만 39세 이하 미취업 청년 -경기도 소재 대학(원) 재학/졸업자 만 39세 이하 미취업청년 • 교육 기간 2025.08.04~2025.09.23 • 교육 방법 온/오프라인 교육 수강 교육 혜택 • 교육비+중식비+GCP 클라우드 실습 비용 지원 • 현직자 1:1 멘토링 기회 제공 • 구글클라우드 공인교육센터 수료증 발급 • 프로젝트 과정 수료자 GCP ACE 자격 응시 100% 지원 • 우수팀 대상, 테크데이 참여 기회 제공 및 우승 시 상금 수여 모집 일정 모집 일정 1.모집기간 2025.07.14 (월)~ 2025.07.25 (금) 2.면접 2025.07.28 (월) 2025.07.29 (화) 3.합격자 발표 2025.07.30 (수) 4.오리엔테이션 2025.08.01 (금) 신청 방법 ※QR 코드 스캔 후, 폼즈 접속하여 양식 제출 QR 코드 이미지 과정 커리큘럼 데이터 분석 클라우드 기반 종합 프로젝트 문의 경기도경제과학진흥원 AI 확산팀 (031-710-8711) (주) 아이코어이앤씨 교육운영팀 (02-573-3836) 우측 QR 문의 QR 코드 이미지 경기도 GBSA 경기도경제과학진흥원 Google Cloud ️ AI 전문가로 취업하는 방법! • 교육비 전액 무료 · 구글클라우드 공인교육센터 수료증 발급 · 실무 프로젝트 · 테크데이 우승 시 상금 교육 특징 • 교육비+중식비+GCP 클라우드 실습 비용 지원 • 현직자 1:1 멘토링 기회 제공 • 구글클라우드 공인교육센터 수료증 발급 • 프로젝트 과정 수료자 GCP ACE 자격 응시 100% 지원 • 우수팀 대상, 테크데이 참여 기회 제공 및 우승 시 상금 수여 교육 대상 • 경기도 거주 또는 경기도 소재 대학(원) 졸업(예정) 미취업 청년 • 만 19세 ~ 39세 이하 • 졸업예정자도 OK GCP란? GCP로 AI 개발 GCP(Google Cloud Platform)는 구글에서 제공하는 글로벌 클라우드 서비스입니다. AI, 데이터 분석, 웹 서비스 등 다양한 서비스를 빠르고 유연하게 개발·운영할 수 있도록 지원하는 강력한 플랫폼이죠. 안정성과 확장성을 자랑하며, 세계적인 기업들이 선택하는 클라우드 솔루션입니다. 왜 AI 개발자라면 GCP를 배워야 할까요? AI 개발의 핵심은 데이터 처리 능력과 확장성입니다. GCP는 Google의 최신 AI 기술을 그대로 활용 할 수 있는 Vertex AI , TensorFlow , TPU 등 강력한 도구 를 제공합니다. 또한, 복잡한 머신러닝 워크플로우를 간단히 구축하고 자동화할 수 있어 생산성을 극대화할 수 있습니다. 대규모 데이터셋 처리 모델 학습 및 배포 자동화 GPU/TPU 등 고성능 인프라 지원 글로벌 서비스 확장 용이 GCP는 어디서 사용되나요? • Spotify — 음악 추천 알고리즘과 글로벌 스트리밍 서비스 운영 • PayPal — 결제 트래픽 분석과 보안 강화 • Twitter — 실시간 데이터 분석 및 머신러닝 파이프라인 • Snapchat — 이미지/영상 처리 및 AI 기반 콘텐츠 추천 • LG CNS, 카카오, SK텔레콤 등 국내 주요 IT 기업 도 GCP를 적극적으로 활용 중입니다. 카톡 문의 https://pf.kakao.com/_kxkxdin/chat 전화 문의 (주)아이코어이앤씨 교육운영팀 02-573-3836 커리큘럼 확인 및 교육 신청 https://adtra.kr/2tQH9IuGcEnH",취업복지처,career
원주시 유치기업 채용설명회,원주,2025-07-07,https://www.kduniv.ac.kr/kor/CMS/Board/Board.do?mCode=MN286&mode=view&mgr_seq=511&board_seq=66442,취업공지,"새로운 변화 큰 행복, 더 큰 원주 원주시 원주시 유치기념 채용설명회 2025. 7. 15.(화) 14:00 ~ 17:00 원주시청 다목적홀(지하1층) 행사 안내 참여기업 (주)광덕에이앤티, (주)리젠바이오텍 채용직무 총무, 시설공무, QC(품질관리), 금형제작, 오퍼레이터, 생산직 등 행사내용 기업설명, 채용계획, 현장면접 신청문의 원주시 기업지원일자리과 : ☎033-737-2889, 2885, 2884",취업복지처,career
2025년 농정원 레디갓생고 갓생 인턴십 모집 안내,경동,2025-06-24,https://www.kduniv.ac.kr/kor/CMS/Board/Board.do?mCode=MN286&mode=view&mgr_seq=511&board_seq=66309,취업공지,"요즘 농업, 요즘 농촌 레디갓생고! 갓생 인턴십 농업·농촌에서 새로운 가능성을 경험하라! 스마트팜·푸드테크 등 농업기업에서 스펙도, 갓생도 UP! 모집 기간 2025년 6월 10일~ 7월 4일 23시 59분(4주간) 면접 기간 2025년 7월 7일~7월 10일(4일간) 활동 기간 2025년 7월 21일~8월 8일 (주5일 근무/3주간) 합격자발표 2025년 7월 11일 자격 요건 만 18세~34세 청년 - 홍보 영상 출연 가능자 - 영상 촬영 및 편집 가능자 * 스마트폰 활용 촬영 및 편집 가능 수준 - 지원 기업 출퇴근 가능자(일부 기업에 한해 기숙 가능자) 활동혜택 활동비+식대+교통비 약 200만원 지원 (*웰컴키트 별도 제공) 성실히 업무 및 미션 활동을 수료한 참가자에게 - 인턴 수료증 제공 - 해당 기업 지원 시 가산점 부여 (단, 인턴 평가 결과 우수한 성적을 수료한 자에 한함) 인턴십 참여 기업 위로약방 | 레드로즈빈 | 초블레스 | 원에이캠프 | 메타파머스 * 일정 및 세부 내용은 사정에 따라 변경될 수 있습니다. QR 코드 이미지 갓생 인턴십에 지원하고 싶다면? 레디,갓생,고! 페이지로 농림축산식품부 EPIS 농림수산식품교육문화정보원 .",취업복지처,career
2025년도 서울신용보증재단 신입직원 채용 공고문,경동,2025-05-08,https://www.kduniv.ac.kr/kor/CMS/Board/Board.do?mCode=MN286&mode=view&mgr_seq=511&board_seq=65706,취업공지,"채용공고 2025년도 서울신용보증재단 신입직원 채용 서울신용보증재단은 지역신용보증재단법에 의해 설립된 지방자치단체 출연기관으로 국민의 세금과 금융기관의 출연 등으로 운영되는 서울시 산하기관입니다. 재단은 서울시 소재 소기업, 소상공인에 대한 신용보증 및 경영지원 등을 통하여 서울경제 활성화 및 서민복리 증진에 기여하고 있습니다. 서울신용보증재단을 세계 최고의 소기업 · 소상공인 종합지원 디지털 플랫폼 기관으로 함께 만들어 가며, 서울시 소기업 · 소상공인에게 꿈과 희망을 줄 수 있는 '성장 잠재력'과 '따뜻한 인품'을 지닌 인재를 모집하고자 하오니 많은 지원 바랍니다. 2025년 4월 30일 서울신용보증재단 이사장 I 채용분야 및 인원 채용분야 및 인원 직원구분 채용분야 채용방법 채용인원 수행직무 고용형태 근무지 일반직원 5급 일반전형 공개경쟁 23명 사 무 정규직 서울 일반직원 6급 특별전형 경력경쟁 3명 II 근무시간 및 보수수준 등 기본사항 근무시간 및 보수수준 등 기본사항 구 분 내 용 근무시간 9:00 ~ 18:00 (휴게시간 12:00 ~ 13:00) 보수체계 기본연봉 / 성과연봉 / 제수당 보수수준 · 기본연봉 : 5급 1호봉 41백만원 ~ 5급 6호봉(대졸) 47백만원 6급 1호봉 26백만원 · 성과연봉 : 기본연봉월액 × 경영성과평가결과(0~300%) · 제 수 당 : 시간외근무수당, 자격수당, 가족수당 등 복리후생 선택적복지제도, 단체상해보험, 건강검진, 휴양소 운영 등 III 자격요건 자격요건 구 분 내 용 공통사항 · 재단 내부 규정상 채용제한 및 취소사유에 해당하지 않는 사람 · 임용 후 즉시 전근무가 가능한 사람 (임사유예 불가) · 재단 정년(만 60세) 초과한 자는 지원 불가 ※ 재단 내부 규정에 의거 수습임용일 이후 겸업 및 겸직은 제한됨 일반직 5급 · 학력, 연령, 성별, 전공 등에 대한 제한 없음 일반직 6급 · 특성화고, 마이스터고, 종합고의 2025년 12월 ~ 2026년 2월 중 졸업예정자로서 학교장 추천을 받은 자(주1)(학교별 추천인원 3명으로 제한) ※ 학교장 추천총 3명 초과하여 한 경우 해당학교 지원자 전원 불합격 처리 (주1) 학교장 추천서는 반드시 학교장 ‘직인’ 날인 된 것으로 제출 [재단 인사규정 제10조 제1항 채용제한 및 취소사유] 피한정후견인, 피성년후견인 및 파산자로서 복권되지 아니한 사람 금고 이상의 형을 선고받고 그 집행이 끝나거나 집행을 받지 아니하기로 확정된 후 5년이 지나지 아니한 사람 금고 이상의 형을 선고받고 그 집행유예기간이 끝난 날부터 2년이 지나지 아니한 사람 금고 이상의 선고유예를 선고받고 그 선고유예기간 중에 있는 사람 다음 각 목의 어느 하나에 해당하는 죄를 범한 사람으로서 100만원 이상의 벌금형을 선고받고 그 형이 확정된 후 3년이 지나지 아니한 사람 가. 「성폭력범죄의 처벌 등에 관한 특례법」 제2조에 따른 성폭력범죄 나. 「정보통신망 이용촉진 및 정보보호 등에 관한 법률」 제74조 제1항 제2호 및 제3호에 규정된 죄 다. 「스토킹범죄의 처벌 등에 관한 법률」 제2조 제2호에 따른 스토킹범죄 미성년자에 대한 다음 각 목의 어느 하나에 해당하는 죄를 저질러 면직되거나 형 또는 치료감호를 선고받아 그 형 또는 치료감호가 확정된 사람(집행유예를 선고받은 후 그 집행유예기간이 경과한 사람을 포함한다) 가. 「성폭력범죄의 처벌 등에 관한 특례법」 제2조에 따른 성폭력범죄 나. 「아동·청소년의 성보호에 관한 법률」 제2조 제2호에 따른 아동·청소년대상 성범죄 법률에 의하여 공민권이 정지 또는 박탈된 사람 「병역법」 제76조에 따른 병역의무 불이행의 제재를 받는 사람 「부패방지 및 국민권익위원회의 설치와 운영에 관한 법률」 제82조에 따른 취업제한 적용을 받는 비위면직자 등 이전 근무처에서 징계사유로 면직되었거나 채용비리 등 불미한 행위가 있었던 사람 제11조 제4항을 위반하였거나 본인 또는 본인과 밀접한 관계가 있는 타인이 채용에 관한 부당한 청탁·압력 또는 재산상의 이익 제공 등의 부정행위를 하여 각 전형 또는 최종 합격한 사람",취업복지처,career
일양약품(주) 직원 채용 공고 (서류전형 면제),경동,2025-03-25,https://www.kduniv.ac.kr/kor/CMS/Board/Board.do?mCode=MN286&page=2&mode=view&mgr_seq=511&board_seq=65160,취업공지,"모집부문 모집부문 안내 구 분 학 력 신입/경력 근무요일/시간 전 공 근무처 연 봉 ETC 사업본부 대졸 이상 신입 주 5 일(월~금) 09:00~18:00 무관 부산/창원/제주/대구 대전/전주/강원/인천 신입기준 약 4,944 만원 응시자격 4년제 정규대학 졸업 이상인 자 남자는 병역필 또는 면제자 부산, 창원, 제주, 대구, 대전, 전주, 강원, 인천 근무 가능한 자 해외여행에 결격사유가 없는 자 채용전형 채용전형 : 서류전형 ▷ 1차(실무진)면접 ▷ 2차(임원)면접 ▷ 입사 접수기간 접수기간 : 2025년 03월 18일 ~ 04월 13일까지 (상황에 따라 연장가능성 있음) 지원방법 지원방법 : 일양약품 채용페이지 (https://recruit.ilyang.co.kr/) 회원가입 후 [일양약품 특별채용] 캠퍼스리크루팅 추천채용 입사지원 * 관심있는 학생은 취업복지처에 먼저 문의 바랍니다(T. 031-869-9717)",취업복지처,career
2024년 과천도시공사 채용 공고,경동,2024-11-11,https://www.kduniv.ac.kr/kor/CMS/Board/Board.do?mCode=MN286&page=2&mode=view&mgr_seq=511&board_seq=63157,취업공지,"공고 제2024-190호 2024년 과천도시공사 업무직 직원 채용 공고 과천도시공사에서 함께 근무할 유능한 인재를 공개채용하오니 역량 있는 분들의 많은 응모 바랍니다. 2024년 11월 11일 과천도시공사 사장 채용개요 채용 방식 : 공개채용 채용 분야 및 인원 채용분야 및 인원 연번 채용분야 채용인원 채용방식 고용형태 1 업무직(사무기술) 안 내 1명 공개채용 정규직 2 업무직(현장환경) 주차관리 2명 ※ 채용분야 중복지원 시 모두 불합격 처리 채용분야별 직무내용 ※ 모집부분에 따른 업무를 수행하게 되나, 필요시 공사 인사운영 정책에 따라 다른 유사직무를 수행할 수 있으며, 임용 후 인사규정에 따라 전환배치가 가능함 채용분야별 직무내용 연번 채용분야 직무내용 1 안내 도시공사 내 안내데스크 근무(민원응대, 요금 수납, 회원등록관리 등) 2 주차관리 관내 공영·부설·기계식 주차장, 관제 센터 등 주차관리 업무 근무조건 근무조건 구분 채용 분야 별 세부 내용 안내 주차관리 급여수준 업무직(사무기술) 1호봉 (연봉 2,900만원 내외) 업무직(현장환경) 1호봉 (연봉 2,600만원 내외) 근무시간 업무에 따라 5:30-14:30, 9-19, 13:30-22:30, 6-12, 14-18, 8:30-18:30 등 근무시간 · 장소 상이 업무에 따라 7-16, 14-23, 9-19, 9-18, 10-18 등 근무시간 · 장소 상이 근무장소 시민회관, 공원, 수련관 등 공사 소속 안내데스크 관내 주차장 (공영 · 부설 · 기계식 등) 및 관제센터 등 기타 - 월 단위 근무 명령에 따라 변동 가능하며, 토요일 또는 휴무일(일요일 · 공휴일) 근무가 가능하여야 함 (위 시간대에 모두 근무 가능해야 함) - 일8시간(정규근무)을 초과하는 근무분은 시간외근무수당으로 지급함 - 가족수당, 연차수당, 평가급, 복리후생 등 기타 사항은 공사 내규에 따라 지급됨 응시자격 및 가점사항 기본요건 · 「부패방지 및 국민권익위원회의 설치와 운영에 관한 법률」제 82조에 따른 비위면직자 등의 취업제한 적용에 해당되지 않는 자 · 「아동 · 청소년 성보호에 관한 법률」제 56조에 따른 취업제한 적용에 해당되지 않는 자 · 남자의 경우 병역을 필한자 또는 면제자 · 공사 상근인력관리규정 결격사유에 해당되지 않는 자 · 최종시험예정일 기준 만 18세 이상인 자로 공사 정년 (60세) 이하인자 · 임용일 (24. 12. 2.)부터 근무 가능한 자 가점사항 가점사항 구분 내용 가점비율 북한이탈주민 · 「북한이탈주민의 보호 및 정착지원에 관한법률」제2조제1호에 따른 북한이탈주민 면접시험 만점의 5% 다문화 가족 · 「다문화가족지원법」의 적용을 받는 자 면접시험 만점의 3% 해당분야 과천도시공사 근무 경력자* · 과천도시공사에서 해당분야의 2년 이상 근무 경력이 있는 자 면접시험 만점의 3% · 과천도시공사에서 해당분야의 2년 이상 근무 경력이 있는 자 · 과천도시공사에서 체험형 인턴 경력이 있는 자 면점시험 만점의 2% * 시간선택제 및 단시간근무자는 전일근무자의 시간에 비례하여 적용 1) 상기 가점적용사항 중 2개 이상의 조건이 중복되는 경우에는 본인에게 유리한 것 하나만을 가산 적용 2) 국가유공자는 관계 법령에 따라 해당 분야의 채용 예정 인원이 3인 이하일 경우 가점을 부여하지 않음 채용절차 채용절차 전형절차 주요내용 합격 배수 채용공고 과천도시공사 홈페이지, 채용시스템, 클린아이 등에 공고 - 접수방법 과천도시공사 채용 홈페이지 내 온라인 접수 (https://dware.intojob.co.kr/main/gcuc.jsp) - 서류전형 1) 접수 인원이 채용 예정의 10배수 미만인 경우 적부만 심사 ※ 불성실기재, 블라인드 위반 여부 (하단 기타사항 확인) 2) 접수 인원이 채용 예정의 10배수 이상인 경우 적부+서류심사 ※ 서류심사 : 기본자격, 전문성, 활동성, 포상 등 → 포상; 대통령(5점), 국무총리(4점), 장관(3점), 도지사(2점), 시장(1점), (중복 될 경우 본인에게 유리한 포상 1개만 인정) 서류전형 통과자 (10배수 이내) 면접",취업복지처,career
법무법인 대륜 2024 미래전략실 비서팀 채용 공고,경동,2024-11-07,https://www.kduniv.ac.kr/kor/CMS/Board/Board.do?mCode=MN286&page=2&mode=view&mgr_seq=511&board_seq=63078,취업공지,"DAERYUN LAW FIRM LLC. 법무법인(유한) 대륜 미래전략실 비서팀 (영어, 한국어 능통 외국인) 채용 법무법인(유한) 대륜은 2021 설립 이후 빠르게 성장하여 현재 전국에 41개 지점과 240여 명의 변호사를 보유한 국내 대형 로펌 중 하나로 자리매김했습니다. 또한, 국내시장을 넘어 미국과 일본에도 사업을 확장하고 있는 글로벌 로펌입니다. 항상 새로운 길을 개척하여 법률 시장의 트렌드를 이끌어 온 대륜은, 현재 550명의 전문가와 함께 미래를 그리는 대형 로펌으로서 고객의 신뢰를 받고 있으며 이러한 전문성과 신뢰를 바탕으로 미국 시장에서의 사업 확장을 위해 영어와 한국어에 능통한 외국인 대표비서를 채용하고자 합니다. 대한민국 대형 로펌인 대륜에서 대표비서의 업무를 수행하면서 글로벌 비즈니스 환경에서 성장과 발전을 함께 이루어 나가고자 하는 분들의 많은 참여를 기다리겠습니다. 대표비서(영어, 한국어 능통자) 담당 업무 대표번호사 수행비서 대표변호사 일정관리 및 출장지원 등의 비서 업무 회의록 작성 및 유관부서와의 소통 송무 업무 보조 한국↔미국 이동근무 : 출장시 사택 또는 별도 숙박 지원 수행장소 서울본사(서울특별시 영등포구 여의대로 108, 35층 파크원타워1), 미국뉴옥 이동근무 지원자격 영미권에 본국을 두고 있는 외국인 영어 및 한국어 모두 능통한 자 한국에서 취업 가능한 비자 보유 (필수) 학력 : 대졸이상 (2년제 이상) 경력 : 무관 (신입도 지원가능) 한국↔미국 이동근무 가능자 우대사항 비서 자격증, 운전면허 자격증 소지자 단정하고 깔끔한 자 (성별무관) 스케쥴 관리, 커뮤니케이션에 능숙한 분 해외 취업 및 유학자 미국 체류경험 및 미국계 기업 경력자 모집절차 채용인원 0명 접수기간 2024년 10월 28일(월) ~ 2024년 11월 28일(목) 자정 마감 ※적합자가 있을 경우 조기 마감 될 수 있습니다. 전형방법 서류전형, 면접전형 결과발표 합격자 대상으로 상세일정과 장소 등을 개별 통지 예정 법무법인(유한)대륜 홈페이지(https://www.daeryunlaw.com) 접속 소식/자료 - 인재채용 메뉴 클릭 채용공고 중 '법무법인(유한)대륜 미래전략실 비서팀(영어, 한국어 능통 외국인) 채용' 클릭 인적사항 기재하고 지원서 작성 접수하기 클릭 문의 담 당 자 법무법인(유한)대륜 인사팀 전 화 070-7549-1599 이 메 일 dr_hr@daeryunlaw.co.kr 법무법인(유한) 대륜 DAERYUN LAW FIRM LLC. .",취업복지처,career
[한국원자력환경공단] 2024년도 수시채용 공고,경동,2024-10-25,https://www.kduniv.ac.kr/kor/CMS/Board/Board.do?mCode=MN286&page=2&mode=view&mgr_seq=511&board_seq=62559,취업공지,"한국원자력환경공단 2024년도 수시채용 (정규직(공무직) 및 비정규직(휴직대체근로자, 체험형인턴)) 방사성폐기물의 안전하고 전문적인 관리로, 국민의 안전과 신뢰를 최우선으로 생각하는 한국원자력환경공단에서 미래를 함께 할 유능한 인재를 모집합니다. 원서접수기간 : 2024.10.30.(수) ~ 2024.11.07.(목) 17:00 2024.10.23. 한국원자력환경공단 이사장 한국원자력공단 1 NCS 직무능력중심 채용 - 채용전형 상 국가직무능력표준(NCS)에 기반하여 직무중심의 직업능력 평가 2 블라인드 채용 - 입사지원서 작성 시, 직무수행과 무관한 개인식별이 가능한 개인정보(출신지역, 가족관계, 학교명, 사진, 성별, 연령(출생연도)) 일체 기재 금지 * 직무관련 경력사항 기재 시, 기관명 블라인드 처리(한국원자력환경공단→○○공단) * 연락을 위한 e-mail 기재 시 학교명이나 특정 단체가 드러나는 메일 기재 금지 - 지원자격 및 가점사항 적부 판단을 위한 증빙서류 제출 시, 필요요건 외 개인정보는 블라인드 처리하여 제출 * 자격증명을 위한 증빙서류의 경우, 본인이름 및 자격요건은 블라인드 처리하면 안됨 - 지원자격 적부판단을 위한 증빙서류 등 제출서류는 면접위원에게 제공되지 않음 3 전형별 이의신청 절차 및 채용비리 피해자 구제절차 등 [붙임2], [붙임5] 참조 01 채용분야 및 인원 채용분야 및 인원 구분 채용분야 일반채용 제한채용 합계 정규직 공무직 시설물관리-운반 - 2 2 시설물관리-전기 - 1 1 환경미화-일반 - 2 2 전산-PC/OA - 1 1 소계 - 6 6 비정규직 휴직대체근로자 업무지원(지하연구시설추진팀)(~2026.5.29) 1 - 1 업무지원(정비기술팀)(~2026.1.31) 1 - 1 업무지원(방폐물검사팀)(~2026.8.31) 1 - 1 업무지원(조직예산팀)(~2026.7.15) 1 - 1 업무지원(재무경영팀)(~2026.4.30) 1 - 1 업무지원(방폐물기술인력개발원)(~2026.10.31) 1 - 1 체험형인턴 청년(3개월*) - 18 18 자립준비청년(3개월*) - 2 2 소계 6 20 26 합계 6 26 32 * 근로자 희망에 따라 3개월 연장 가능 02 공통 안내사항(결격사항 및 기타) 공통 안내사항(결격사항 및 기타) 구분 주요내용 결격사항 · 공단 「인사규정」제8조의 결격사유 [붙임1] 안내사항 · 동일 일정 채용 간 중복지원, 입사지원서 허위작성 및 증빙서류 위변조 등 시험 부정행위 발생 시 불합격 처리 (정규직-비정규직간 중복지원도 불가) · 채용일정은 공단 사정에 의해 일부 변동 될 수 있음(변동 시 별도안내) · 인터넷 접수만 가능, 방문, 우편, 이메일 등을 이용한 접수는 인정되지 않으며 접수마감시간에는 접속 폭주로 인해 접수가 되지 않을 수 있음 · 필기 및 면접전형 시, 입사지원서의 성명 및 생월일이 신분증과 상이한 경우 어떠한 경우에도 응시불가(입사지원서 작성 시 반드시 확인) · 입사지원서 접수 시, 자격요건 및 가점요건 증빙은 블라인드 채용 원칙에 따라 반드시 개인정보 블라인드 처리 후 등록 (개인식별을 위해 성명은 남겨둠, 그 외의 항목은 등록 불요) · 면접전형 시 증빙자료 일체 원본 제출 필요하며, 해당 자료는 면접위원에게 제공되지 않음 · 적격자가 없는 경우 선발하지 않을 수 있음 · 채용비리 피해자 구제 등에 대비하여 모든 전형별 1배수를 예비합격자로 추가 선발하며 최종합격자의 입사포기, 합격취소가 있을 경우 예비순번에 따라 추가합격 처리 * 합격자가 입사포기를 하는 경우 반드시 입사포기원 제출 필요 [붙임3] 정규직(공무직) 채용 01 정규직(공무직) 자격요건 정규직(공무직) 공통 자격요건 공통자격요건 · 채용직무 관련분야 지식이 있는 자로서, 공단 「인사규정」제8조에 따른 채용결격사유가 없는 자 [붙임1] · (연령) 제한없음(단, 지원서 접수 마감일 기준 공단 정년 만 61세 미만인 자) ※ 환경미화 직무의 경우 정년 만 65세 이하인 자 · (학력) 학위 및 전공에 제한 없음 · (취업제한) 공단 채용업무시행세칙 제7조제7항에 따른",취업복지처,career
[서민금융진흥원] 2024년 하반기 금융전문직 및 제4차 기간제(육아휴직대체) 직원 채용,경동,2024-10-04,https://www.kduniv.ac.kr/kor/CMS/Board/Board.do?mCode=MN286&page=2&mode=view&mgr_seq=511&board_seq=62323,취업공지,"서민금융진흥원 2024년 제4차 기간제 육아휴직대체 직원 채용 공고 서민금융 정책상품을 공급하고 자활을 지원하여 서민들의 새 길을 열어주실 가슴 따뜻하고 역량있는 직원을 모집합니다. 서민금융진흥원 1 모집분야 및 채용인원 모집분야 및 채용인원 구분 채용분야 인원 수행업무 근무 기간 기간제 (육휴대체) 사무지원(일반행정) 별첨 직무기술서 2명 경영일반·행정업무 지원 등 통계자료 작성·검토 등 ’24. 11. 11. ~ ’25. 11. 30. (약 1년) ※총 채용규모 내 적격인원 유무에 따라 인원 변경 가능 ※지원 현황 및 인력운영 현황에 따라 입사일, 근무부서, 수행업무 등 세부사항 변경 가능 ※직무에 대한 세부내용은 직무기술서 참고 ※원서접수 기간 내 우리 원 타 채용공고 중복 지원 시 무효처리 예정 ※서류전형 평가의 직무경력, 직무자격 등 평가요소 산정 기준일은 공고종료일(’24.10.16.)이며, 객관적 증빙이 가능한 사항만 인정(불명확할 경우 불인정됨에 유의) 2 지원자격 학력, 전공, 성별 등 제한 없음 해외여행에 결격사유가 없는 자 ‘국가공무원법’ 제33조, 서민금융진흥원 내규에 의한 채용 결격사유가 없는 자 별첨2 결격사유 남자의 경우 병역필 또는 면제자 단, 현역 군장병의 경우 임용일부터 즉시 근무 가능한 자 서민금융진흥원 정년을 고려하여 임용일 기준 만 60세 미만인 자 채용 확정 후 채용예정일(’24.11.11.)부터 즉시 근무 가능한 자 공고일 현재 서민금융진흥원에 재직 중이지 않은 자 3 근무조건 근무조건 구분 내용 근무지 서민금융진흥원 본사(서울시 중구 소재) 근무 근무시간 주 5일, 1일 8시간 근무(09:00~18:00) 보수수준 월 226만원(세전) 4 우대사항 관련 증명서 발급 가능 여부를 사전에 반드시 확인하시기 바랍니다. 우대전형별 가점의 총 합계는 총 8점이 초과할 수 없음 허위 작성 또는 진위여부 확인 불가 등 증빙되지 않는 경우 해당 점수 제외 입사지원서 우대사항 항목을 선택한 지원자(본인)에 한해 가점이 적용되며, 지원서 제출기한 내 미제출 또는 오류제출 시 적용 불가 우대사항 구분 대상 자 우대 전형 우대 내용 서류 면접 법정가점 보훈¹) 「독립유공자 예우에 관한 법률」제16조에 따른 취업지원 대상자 「국가유공자 등 예우 및 지원에 관한 법률」제29조에 따른 취업지원 대상자 「보훈보상대상자 지원에 관한 법률」제33조에 따른 취업지원 대상자 「고엽제후유의증 등 환자지원 및 단체설립에 관한 법률」제7조의9에 따른 취업지원 대상자 「5·18 민주유공자 예우 및 단체설립에 관한 법률」제20조에 따른 취업지원 대상자 「특수임무유공자 예우 및 단체설립에 관한 법률」제19조에 따른 취업지원 대상자 - - 전형별 동점자 처리 시 우선선발 장애 「장애인고용촉진 및 직업재활법」제2조제1호에 따른 장애인 ○ ○ 5점 가점 사회형평가점²) 한부모가족 「한부모가족지원법」에 따른 지원대상자 ○ - 각 3점 가점 (중복적용 불가) 북한이탈주민 「북한이탈주민의 보호 및 정착지원에 관한 법률」에 따른 북한이탈주민등록자 ○ - 다문화가족 「다문화가족지원법」에 따른 다문화가족의 구성원 ○ - 기초생활수급자 「국민기초생활보장법」제2조제2호에 따른 기초생활 수급자 - 본인 명의의 기초생활수급자 증명서 발급이 가능한 사람에 한함 ○ - 전형별 최대 가점 8점 5점 - “국가유공자 등 예우 및 지원에 관한 법률” 제31조제3항에 따라, 각 채용모집구가 3명 이하인 경우 보훈대상자 가점 미부여(단, 각 전형 단계별 동점자 처리 시에는 보훈대상자 우선 선발) 사회형평가점은 항목 간 중복적용 불가(최대 3점) ※우대전형은 공고종료일(10.16.), 채용예정일(11.11.)기준 유효하게 등록된 자에 한하여 적용하며, 증빙 가능한 경우에 한하여 인정 ※증빙서류 확인은 직무적합성평가 합격자 발표 후 면접 대상자에게 청구하여 진행 예정 5 채용절차 채용 공고* 10.2.(수)~10.16.(수) 직무적합성 평가 결과 발표 10.22.(화) 면접평가 10.25.(금) 합격자 발표 11.5.(화) 입사** 11.11.(월) *지원",취업복지처,career
(주)한국항공보안 항공보안직 신규 공개채용 안내,경동,2024-09-30,https://www.kduniv.ac.kr/kor/CMS/Board/Board.do?mCode=MN286&page=2&mode=view&mgr_seq=511&board_seq=62278,취업공지,"한국공항보안 안전한 하늘길을 여는 항공보안 전문기업 한국공항보안(주) 항공보안직 신규 공개채용 공고 한국공항보안(주)는 한국공항공사가 출자하여 설립한 자회사로, 전국 14개 공항과 2개 항로시설본부의 항공경비 및 보안검색 업무를 수행하는 항공보안전문 회사입니다. 채용 분야 및 인원 채용 분야 및 인원 직무 권역 근무지(공항) 채용 인원(명) (임용 대기자 포함) 비고 항공보안직 (항공경비/보안검색) 직무기술서 강원권 양양, 원주 1 권역별 경쟁 중부권 김포, 청주, 항로시설본부 인천 62 영남권 김해, 대구, 울산, 포항경주, 사천, 항로시설본부 대구, 울진비행장 60 호남권 군산, 광주, 무안, 여수 14 제주권 제주 54 합 계 191 ※ 권역 내에서만 희망 지역 선택 가능, 권역 외의 지역은 반영되지 않습니다. ※ 제주권역 지원자는 제주만 선택 가능합니다. ※ 실제 배치 공항은 희망 공항과 다를 수 있으며, 회사운영 여건 등에 따라 항공경비 또는 보안검색 직무에 배치됩니다. ※ 상기 명시된 근무지(공항)는 권역별 소속하고 있는 공항을 기재한 것으로 채용과정이 있는 공항이 포함되어 있을 수 있습니다. ※ 임용 대기자는 합격자이나, 권역별 입사 포기, 기존 직원 퇴사 등으로 인한 결원 발생 시 면접성적, 교육 결과, 희망 근무지 등을 종합적으로 고려하여 순차적으로 임용됩니다. (임용 대기기간, 급여는 지급하지 아니함) ※ 임용 대기기간은 면접합격자 발표일로부터 9개월이며, 6개월 내 배치 근무지에 임용되지 않았을 시 전체 채용지역의 인력 운영 및 결원 상황을 고려하여 타 근무지(권역)로 배치될 수 있습니다. ※ 남/여 구분 채용 : 아래 근거에 따라 남녀 구분하여 채용함을 알립니다. 국가항공보안계획(국토교통부) 8.1.9 공항운영자는 승객의 신체 검색 시 가능한 동일한 성을 가진 항공보안검색요원이 검색업무를 수행하도록 하여야 하며, 여성승객에 대한 보안검색은 반드시 여성 항공보안검색요원이 검색하도록 하여야 한다. 남녀고용평등 업무처리 규정 ‘제2장 고용에 있어서의 남녀의 평등한 기회보장 및 대우 등의’ ‘제4조(모집·채용) 3항’에 의거, 사업장의 특성상 불가피하게 여성채용 예정인원을 제한하여 모집·채용함 지원 자격 가. 지원(응시) 자격 국 적 : 대한민국 국적 소지자 연령 및 학력 : 제한 없음 (단, 회사 정년은 60세까지) 기 타 : 당사 「인사규정」 제17조 등 임용결격사유에 해당하지 않는 사람 병 역 : 남자의 경우, 병역필 또는 면제자 (면접전형일 이전 전역예정자 가능) 채용 분야 필수 응시 자격 나. 필수 자격 기준 필수자격기준 「경비업법」제10조제2항에 해당되지 아니한 자 「경비업법 시행령」 제10조의2에 해당되지 아니한 자 (병력조회 실시) 「총포·도검·화약류 등의 안전관리에 관한 법률」제13조에 해당되지 아니한 자 국토교통부 국가항공보안계획 10.1.1에 따른 항공보안 검색요원 자격 기준 중 나이·국적·건강상태의 자격 기준을 충족한 자 ※ 입사 전 특수경비원 배치 신고 시 '경비업법 시행령' 제10조의2에 해당하는 정신병력이 있거나, 입사 후라도 신원조회 결과 임용결격 사유가 발생하면 입사가 취소될 수 있으니 지원서 작성 전 필수자격기준을 꼭 확인해 주시기 바랍니다. 특별 우대(보훈 및 장애) 특별 우대(보훈 및 장애) 구분 세부 내용 취업지원 대상자 · 관계법령에 의거 국가보훈부에서 인정하는 대상자에 대하여 대상자별 가점 비율(5 - 10%)을 면접전형 점수에 가산 장 애 인 · 「장애인고용촉진 및 직업재활법」에서 정하고 있는 장애인에 대하여 면접전형 점수 10% 가산 ※ 서류전형 및 인성검사는 적부심사로 별도 가산 점수를 부여하지 않음 ※ 상기 특별가점 사항이 중복되는 경우 유리한 것 하나만 인정함 ※ 특별우대 가점의 합은 최대 10%를 초과할 수 없음 ※ 특별우대 사항은 필수자격 기준을 갖춘 자, 전형별 합격 기준을 통과한 자 등 기본요건이 구비된 지원자에 한하여 적용함 전형 일정 전형 일정 구분 전형 단계 일정 합격자 발표일 1 채용공고 및 입사지원서 접수 2024. 09. 23.(월)",취업복지처,career
동원그룹 신입사원 모집 안내,경동,2024-09-30,https://www.kduniv.ac.kr/kor/CMS/Board/Board.do?mCode=MN286&page=2&mode=view&mgr_seq=511&board_seq=62277,취업공지,"Dongwon 2024년 하반기 동원그룹 신입사원 모집 당신이 열어갈 새로움 IN동원 9.26(목) - 10.14(월) 14:00 모집요강 지원방법 접수 기간 | 2024.9.26(목) ~ 2024.10.14(월) 14:00 접수 방법 | 동원그룹 채용사이트(careers.dongwon.com) 접속 후 온라인 지원 결과 확인 | 동원그룹 채용사이트(careers.dongwon.com) 접속 후 마이페이지에서 확인 지원자격 기졸업자 및 2025년 2월 졸업예정이신 분 최종 합격자 발표 이후 즉시 근무가 가능한 분 (12월 말 신입사원 교육 예정) 남성의 경우 병역을 마치셨거나 병역이 면제되신 분 해외 출장에 결격 사유가 없는 분 국가등록장애인 및 국가보훈대상자는 관계 법령에 의해 우대 전형별 세부사항 서류전형 9/26~10/14 온라인 필기전형 10월 말 1차 면접전형 (One Day) 11월 중순 2차 면접전형 12월 초 서류전형 입사지원서를 토대로 동원그룹 인재상과 직무에 부합하는 인재인지 검토 온라인 필기전형 인성검사 : 동원그룹의 핵심가치와 인재상에 부합하는지 판단 AI역량검사 : 직무 수행에 적합한 기초역량을 보유하였는지를 종합적으로 판단 1차 면접전형 (One Day) 1)토론면접 또는 *직무역량평가(일부직무) + 2)집단면접 - 토론면접 : 직무상황 제시를 바탕으로 한 집단토론 면접 - 집단면접 : 면접관 및 지원자 다대다 형태의 면접 *직무역량평가 대상 직무 F&B 식품연구(석사) 졸업논문 발표 시스템즈 배터리캔개발(석사) 졸업논문 발표 홈푸드 조미식품연구(학/석사) 관능평가 산업/시스템즈/팜스 재경직무 회계 테스트 2차 면접전형 그룹 경영진, 다대다 집단면접 ※ 일정 및 전형방법은 당사 사정에 따라 일부 변경될 수 있습니다. 유의사항 동일인이 복수 아이디로 지원할 경우 불이익을 당할 수 있습니다. 최종 합격 후 졸업자격 미취득시 합격이 취소될 수 있습니다. 입사지원서 기재 내용이 허위로 판명될 경우 합격 및 입사가 취소될 수 있습니다. 모집부문 모집 회사 | 동원산업, 동원F&B, 동원시스템즈, 동원홈푸드, 동원로엑스, 동원팜스 모집 직무 | 재경, 마케팅, 연구, 해외영업, 국내영업, 생산, 품질 모집부문 직군 직무 회사 근무지 필수/우대사항 관련전공 경영 재경 동원산업 서울 우대) 회계사, 세무사, 재경관리사, 회계/세무관련 인턴 경험 회계/세무/경영학 동원시스템즈 서울 동원팜스 서울 마케팅 동원홈푸드 서울 우대) 영어 가능자 경영학 관련 연구 식품연구 동원F&B 서울 우대) 식품기사, 조리사 자격증 식품/축산/이학 관련 배터리캔개발 동원시스템즈 아산 우대) 기계/품질관련 자격증 기계/금속/재료/화학/산업공학 조미식품연구 동원홈푸드 아산 우대) 식품기사, 조리사 자격증(한식,양식,중식) 식품 관련 해외 영업 해외영업 동원시스템즈 서울 필수) 영어 가능자 우대) 스페인어 가능자 국제물류 동원로엑스 서울 우대) 물류관리사, 외국어 가능자(영어 또는 중국어) 상경계열 국내 영업 수산물영업 동원산업 서울 식품유통영업 동원F&B 입사지원시 선택¹) 필수) 운전면허증 식자재유통영업 동원홈푸드 서울/대전 필수) 운전면허증 조미식품영업 동원홈푸드 서울 필수) 운전면허증 물류영업 동원로엑스 인천/당진 우대) 물류관리사, 물류관련 인턴 경험 물류/국제통상 생산 관련 생산관리 동원F&B 성남/아산 창원/호남 우대) 성남(산업안전기사, 식품기사) 우대) 창원(식품기사, 수산제조기사) 식품/산업/기계/전자공학 생산관리 (연포장) 동원시스템즈 진천 우대) 운전면허증, 지게차 자격증 화학/화학공학/재료공학 (배터리캔) 동원시스템즈 아산 기계/산업공학 관련 (아셉틱) 동원시스템즈 서울 우대) 기계/전기관련 자격증, 위험물 기능사 금속/전기공학 (알루미늄캔) 동원시스템즈 광주 우대) 식품기사, 수산제조기사 식품/산업공학 품질관리 동원F&B 창원 우대) 식품기사, 수산제조기사 식품/산업공학 품질관리 동원시스템즈 아산 우대) 품질경영기사, 6시그마, 금속기사 기계/전기/전자/금속/재료/산업공학 생산공정관리 동원시스템즈 서울 우대",취업복지처,career
(주)노루페인트 채용 안내,경동,2024-09-30,https://www.kduniv.ac.kr/kor/CMS/Board/Board.do?mCode=MN286&page=2&mode=view&mgr_seq=511&board_seq=62276,취업공지,"- 10/7(월) Bright Color, Smart World (주)노루페인트 부문별 채용 연구소, 영업기획, 해외영업, 국내영업, 구매 NOROO PAINT 모집부문 및 자격요건 모집부문 및 자격요건 구분 부문 직무 자격요건 근무지 (주)노루페인트 연구개발 경력직 연구개발 - 2K 도료 개량 개발 TS - 4년제 대학교 이상 졸업자 - 화학, 화공, 고분자공학 등 관련 전공자 - 관련경력 2년이상 - 운전가능자 [우대사항] - 동종업계 경력 우대 안양 연구개발 경력직 연구개발 - 실리콘 수지 합성(오일, 변성, 광학용) - 실리콘 도료 배합(자연, 촉매, UV경화) - 전기전자 자동차 재료용 실리콘 소재 (접착제, 컨포멀, 방열) - 광학용 실리콘 소재(봉지재, 면발광) - 일반산업용 실리콘(LSR, HCR) - 필름용 실리콘 소재 - 4년제 대학교 이상 졸업자 - 화학, 화공, 고분자공학 등 관련 전공자 - 관련 경력 5년 이상 [우대사항] - 동종업계 경력 우대 연구개발 경력직 연구개발(이차전지 소재) - 이차전지 소개개발 및 전지평가 - 4년제 대학교 이상 졸업자 - 이차전지 음극 및 양극 활물질/탄소/세라믹 소재 분산 경험자 - 이차전지 양극/음극/분리막용 바인더합성 경험자 영업기획 경력직 영업기획 - 자동차 보수용도료 영업기획 및 지원 - 마케팅(신규시장 발굴 및 조사 등) - 4년제 대학교 이상 졸업자 - 화학, 경영, 마케팅 등 관련 전공자 - 관련경력 3년 이상 - 운전가능자 [우대사항] - TOEIC SPEAKING level 6 이상 (영업회화 능통자) - 동종업계 경력 우대 해외영업 경력직 해외영업 - 기존 해외 거래처 관리 및 영업관계 강화 - 해외 시장 분석 및 신규 거래처 개발 - 해외 전시회 참가 및 마케팅 활동 - 해외 시장 트렌드 분석 및 신제품 출시 지원 - 4년제 대학교 이상 졸업자 - 비즈니스 레벨 외국어 능력(영어 필수) - 해외 출장에 결격 사유 없는 자 [우대사항] - 일본어, 러시아어, 스페인어 가능자 - 해외영업 관련 경력 3년 이상 - 해외 시장 개척 경험 - Office활용 우수자 및 데이터 분석 능력 국내영업 신입직 도료영업 - 신규 개척, 거래선 관리 - 목표 및 실적관리 등 - 4년제 대학교 이상 졸업자 - 상경계, 화학, 화공 등 관련 전공자 - 운전가능자 [우대사항] - 동종업계 경력 우대 전주 국내영업 신입직 도료영업 - 신규 개척, 거래선 관리 - 목표 및 실적관리 등 - 4년제 대학교 이상 졸업자 - 상경계, 화학, 화공 등 관련 전공자 - 운전가능자 [우대사항] - 동종업계 경력 우대 원주 구매 계약직 구매 - 수입 서류 관리 - 수입 통관업무 - 수입 부대비용 전표처리 - 고등학교 이상 졸업자 - 6개월 근무 후 평가를 통해 정규직 전환 안양 도료생산 계약직 도료생산 - 도료생산 및 포장업무 - 고등학교 졸업 이상 - 6개월 근무 후 평가를 통해 정규직 전환 [우대사항] - 화학, 화공 등 졸업자 - 지게차 운전면허 소지바 공통사항 국가보훈대상자 및 장애인은 관련 법규에 의거하여 우대 어학우수자 우대 서류전형 합격자에 한하여 면접일정 개별통지 해외여행에 결격사유가 없는자 제출된 서류는 채용일 이후 14일부터 180일 이내 반환청구할 수 있으며, 청구기간 경과후에는 개인정보보호법에 의거 파기됨을 알려드립니다. 근무조건 직원 복리후생 종합건강검진, 단체 상해보험 가입 장기근속 포상 경조비 지급, 경조휴가 하계휴가 유급휴가 4일 (휴가비 100만원) 출산휴가, 육아휴직, 육아기 근로시간 단축제도 국내 리조트 휴양시설, 제주도 독채 시설 자녀학자금 지원 전세자금대출, 주택구입자금대출 지원 접수기한 : 10/7(월) 자정까지 접수방법 : 온라인접수 전형방법 서류전형 1차면접(실무진) 인적성검사 2차면접(임원) 채용검진 NOROO 노루페인트",취업복지처,career
24년도 하반기 NH농협은행 6급 신규직원 채용 안내,경동,2024-09-30,https://www.kduniv.ac.kr/kor/CMS/Board/Board.do?mCode=MN286&page=2&mode=view&mgr_seq=511&board_seq=62275,취업공지,"NH농협은행 대한민국의 행복파트너! NH농협은행 24년도 하반기 NH농협은행 6급 신규직원 채용 안내문 01 채용분야 및 인원 채용분야 및 인원 채용분야 채용직급 인 원 직무내용* 비고 일반 6급 초급 지역별 ○○명 (또는 ○명) 개인 및 기업고객 대상 종합금융서비스 제공 (금융상담 및 판매·자산관리·개인여신·기업금융·외환 등) 지역 단위 * 당행 인사 정책 등에 따라 변경될 수 있습니다. 02 일반분야 채용지역단위 채용지역 채용지역 경기 경남 경기 동부권역* 제주 강원 서울 강원 영동권역** 부산 충북 대구 충남 인천 충남 서해안권역*** 광주 전북 대전 전남 울산 경북 세종 경북 울릉군**** ※ 특수지역(경기 동부권역, 강원 영동권역, 충남 서해안권역, 경북 울릉군) 별도 ○명 채용(특수지역 채용 시 해당지역 5년 의무근무) * 경기 동부권역(시·군) : 안성, 양평, 여주, 이천 ** 강원 영동권역(시·군) : 속초, 고성, 양양, 강릉, 동해, 삼척, 태백 *** 충남 서해안권역(시·군) : 태안, 서산, 보령, 서천 **** 경북 울릉군 : 울릉 ※ 지원 예시 : 강원 지역 지원 가능자 → 강원, 강원 영동권역 中 선택 지원 가능 • 경기, 강원, 충남, 경북 지역 최종 합격자 중 일부는 당행 인사 정책에 따라 지원 지역 내 전지역 (경기 동부권역, 강원 영동권역, 충남 서해안권역, 경북 울릉군 포함)에 배치될 수 있음 03 근무지 근무지 구분 근무지 일반 전국 NH농협은행 영업점 * 당행 인사규정에 따라 지원지역 시·도 영업점에서 일정기간(5~7년) 이상 근무 ※ 당행 인사 정책 등에 따라 변경될 수 있습니다. 04 지원자격 지원자격 구분 내용 공통사항 연령,성별,학력,전공,어학 점수에 따른 지원 제한 없음 남자의 경우 병역필 또는 면제자(*24. 10. 31. 까지 병역필 가능한 분 포함) 신규직원 임행('24년 12월 예정) 및 이후 계속근무가 가능한 분 해외여행에 결격 사유가 없는 분(외국인의 경우 한국 내 취업에 결격사유가 없는 분) 당행 내규상의 신규채용 결격사유가 없는 분 일반 '24. 9. 1. 현재 주민등록상 주소지 또는 출신학교<고등학교 또는 대학(교)> 소재지 관할 시·도*에 한하여 지원 가능 단, 서울, 경기(경기 동부권역 포함), 인천 지역은 주소지 및 출신학교 소재지에 관계없이 지원 가능 <충남(충남 서해안권역 포함)>·<대전·세종>, <경북(경북 울릉군 포함)·대구>, <전남·광주>는 해당 지역 간 교차지원 가능 ※ 경기 동부권역(시 · 군) : 안성, 양평, 여주, 이천 ※ 강원 영동권역(시 · 군) : 속초, 고성, 양양, 강릉, 동해, 삼척, 태백 ※ 충남 서해안권역(시 · 군) : 태안, 서산, 보령, 서천 ※ 경북 울릉군 ※ 채용지역 간 중복지원 불가(중복지원 시 불합격 처리) 05 우대 사항 (온라인인적성평가(Level1)를 미응시한 경우 불합격처리됩니다) 우대 사항 구분 내용 우대사항 「국가유공자 등 예우 및 지원에 관한 법률」에 의한 취업지원대상자 「장애인고용촉진 및 직업재활법」에 의거 장애인복지법에 의한 등록 장애인 또는 상이등급이 기재된 국가유공자증서 보유자 공고일(24. 9. 26.) 현재 농협은행 및 농협중앙회, 농협금융지주, 농협경제지주, 농협생명, 농협손해보험, 농협하나로유통, 농협양곡의 별정직 또는 계약직 (단, 무기계약직, 영업지원직, 사무지원직 제외)으로 재직 중인 자로서 실근무 재직기간이 신규계약일부터 단절 없이 1년 이상 경과한 자(경제자본 등 부적격자 제외) 자산관리·기업금융 관련 전문 자격증 보유자 국제공인재무설계사(CFP), 신용분석사, 국제공인신용장전문가(CDCS) 기타 금융전문자격증 보유자 국제재무분석사(CFA Level2 이상), 국제재무위험관리사(FRM : GARP 주관만 해당) ※ 아래 사항은 당행 및 농협 중앙회 등 계열사 타 공고와 중복 기재시 우대사항 적용 불가 (채용 공고 중 1회에 한하여 기재) 「N돌핀」·「NH영서포터즈」·「NH해커톤」·「NH농협 New Hope 아이디어 공모전 수상자 「농협장학생」봉사단 우수 활동자 「",취업복지처,career
골프프렌드 채용공고(~10.31),경동,2024-09-30,https://www.kduniv.ac.kr/kor/CMS/Board/Board.do?mCode=MN286&page=2&mode=view&mgr_seq=511&board_seq=62274,취업공지,"골프프렌드만의 교육매장에서 커리어를 성장시킬 당신의 이력서를 기다립니다 (주)골프프렌드는 직원 평균 연령 34세로 젊은 직원분들의 경력 개발을 중요시 생각합니다. 예비지원자님의 개인 목표와 성장을 이룰 수 있도록 다양한 복지제도를 제공하고 있으며 골프프렌드에서는 2년여 동안의 업무 역량을 기반으로 자사 브랜드 매장을 운영할 수 있는 기회를 제공합니다. “신입사원의 원활한 업무적응을 위한 교육제도” 매장 교육장 신설 운영 체계적인 교육을 통하여 개인의 성장, 자기 개발의 기회 제공 “당신의 열정과 노력에 대한 확실한 보상 제도” 인센티브제 매출 판매성과 개인 실적에 따라 인센티브 지급 위수탁 매장 운영 기회 부여 장기 근속자 직원이 사업을 배우고 직접 매장을 운영 할 수 있도록 매장 운영 기회 제공 모집요강 1 인재상 개인과 매장의 목표를 이해하고 달성하기 위한 능력을 갖추신 분 매장 운영 직무를 경험하고 싶으신 분 골프에 관심이 높고, 배우고자 하시는 분 직접 매장 운영이 하고 싶으신 분 2 채용 TIP • 우리 회사에서 펼치고자 하는 역량을 보여주세요! 지원자님이 어떤 직무 기술과 경험이 있는지 알려 주세요. • 우리 회사에 지원자님의 열정을 보여주세요! 지원자님이 채용 되어야 하는 이유와 향후 목표를 알려주세요. • 우리 회사에서 지원자님의 능력을 보여주세요! 지원자님의 장점/업무 역량 등을 직원 분들에게 공유해주세요. 직무 및 근무조건 안내 직무미션 / 업무내용 근무지 / 근무조건 우대사항 [직무미션] 당사에서 제공하는 교육 프로그램을 기반으로 판매 기술을 습득하여 자신만의 커리어를 향상시킵니다. [근무지] 서울지역 : 송파점, 도곡점 경기지역 : 오산점, 고잔점, 풍동점, 광교점, 동탄점 인천지역 : 송도점 * 희망 근무지역 근무가능 [우대 사항] 개인 매장 운영이 목표이신 분 제품 판매 경험이 있으신 분 골프관련 업종 (캐디, 피팅, 코스관리 등)에서 근무 하신분 골프에 관심이 있으신 분 [업무내용] ① 골프용품 상품 추천 및 판매 ② 상품 입출고 관리 [근무 조건] 연봉 : 3,640만원 근무시간 : 10:00-20:00 휴무 : 월 5회 평일 휴무(주말,공휴일 근무) 근무형태 : 주6일 근무(스케줄 근무제) 매장교육 : 수습 40일 이후 정규직 전환 직원복지제도 여가활동 지원 골프레슨비 30만원 지원 골프용품 직원 할인 구매 판매 우수사원 해외 런칭 휴가 연차휴가, 경조휴가 육아휴직 하계/동계 휴가 포상금 매장 포상 우수사원 포상 직원 추천제도 기타지원 복지포인트 지급 명절선물 지급 매장 교육장 운영 채용절차 서류전형 > 대면면접 > 최종합격 서류전형 지원방법 : 이력서(자유양식 작성시, 경력사항, 자기소개서 기재 必) 사전 인터뷰지 작성하여 지원 (첨부 파일) * 이력서 기재 미흡한 경우 자사양식 재작성 요청 예정 지원하신 순으로 서류 검토 진행 예정이며, 서류 전형 합격자에 한하여 연락 드릴 예정입니다. 상세일정은 개별 안내 예정이며, 입사일은 상호 조율 후 결정 됩니다. 전형 단계 및 일정은 내외부 사정에 의해 변동 될 수 있습니다. 입사지원서 및 서류제출의 허위 또는 고의 누락이 있을 경우 채용이 취소 될 수 있습니다. 차후 해당 공고 진행시 채용 안내문자 발송 할 수 있습니다. 문의 : 채용 담당자(golf79s@naver.com) 접수기간 : 2024.10.31 목요일 까지 접수방법 : 이메일접수 (golf79s@naver.com) 메일제목 : 지원하는매장, 이름 기재 바람 EX) 골프프렌드OO점 홍길동 이력서 제출서류 : 자유양식(경력사항, 자기소개서 기재 必)",취업복지처,career
[인천시설공단] 2024년 직원 채용계획 공고(~09/20 18:00),경동,2024-09-13,https://www.kduniv.ac.kr/kor/CMS/Board/Board.do?mCode=MN286&page=3&mode=view&mgr_seq=511&board_seq=62122,취업공지,"인천시설공단 공고 제2024-157 호 인천시설공단 2024년 직원 채용계획 공고 '시민과 함께 행복한 도시를 실현하는 전문 공기업'으로 '살고 싶은 도시, 인천'을 만들어가는 우리 공단과 내일을 함께할 인재를 찾습니다. 열정 있는 분들의 많은 지원 바랍니다. ◎접수 기간 : 2024.09.11.(수) ~ 09.20.(금) 18:00까지 2024년 8월 30일 인천시설공단인사위원장 인천시설공단 Incheon Facilities Corporation 1 채용분야 및 선발예정인원 ※ 채용분야 구분에도 불구하고 채용 후 부여되는 실제 직무는 우리 공단의 사정에 따라 달라질 수 있음. ○ 일반채용 분야 : 12명 (단위 : 명) 일반채용 분야 모집인원 구분 합계 일반직 7급 실무직 5급 소계 사무직 기술직 사무 전기 건축 기계 통신 소계 화장관리원 인원 12 10 4 2 2 1 1 2 2 ○ 구분채용 분야 : 9명 (단위 : 명) 구분채용 분야 모집인원 구분 합계 실무직 5급 장애인 고졸 사무원 사무원 토목수로원 조경관리원 통신관리원 채용인원 9 1 2 2 2 2 2 공통 응시 자격 (연 령) 공고일 현재 18세 이상인자 ※ 정년 만60세 (성 별) 제한 없음 (병 역) 제한 없음 ※ 남성의 경우 병역법 제76조에서 정한 병역의무불이행 사실이 없는 자(여성은 별도 제한 없음) ※ 현역복무 중인 자는 단계별 전형절차(필기,면접 등)에 응시가 가능하여야 하며, 임용예정일(11. 1.)부터 근무가 가능하여야 합니다. (학 력) 제한 없음 ✓ 학력요건 별도 : 고졸채용 (거 주 지) 아래 두 요건 중 하나를 해당하는 사람 2024년 1월 1일 이전부터 최종 시험일(면접시험)까지 계속하여 인천광역시에 주민등록상 주소지를 갖고 있는 사람 2024년 1월 1일 이전까지, 인천광역시에 주민등록상 주소지를 두고 있었던 기간을 모두 합산하여 총 3년 이상인 사람 ※ 거주지 요건의 확인은 “개인별주민등록표”를 기준으로 함 ※ 과거 거주 사실의 합산은 연속하지 않더라도 총 거주한 기간을 월(月) 단위로 계산하여 36개월 이상이면 충족함 ✓ (거주지 제한 예외) 실무직 5급 화장관리원 분야는 거주지를 제한하지 않음 ○ 다음 각 호의 결격사유가 없는 사람 피성년후견인, 피한정후견인, 피특정후견인 파산자로서 복권되지 아니한 자 금고이상의 형을 받고 그 집행이 종료되거나 집행을 받지 아니하기로 확정된 후 5년을 경과하지 아니한 자 금고이상의 형을 받고 그 집행 유예기간이 종료된 날로부터 2년을 경과하지 아니한 자 금고이상의 형의 선고유예를 받은 경우에 그 선고 유예기간 중에 있는 자 징계에 의하여 해임처분을 받은 날로부터 3년, 파면처분을 받은 날로부터 5년을 경과하지 아니한 자 법원의 판결 또는 다른 법률에 의하여 자격이 상실 또는 정지된 자 7의2. 다음 각 목의 어느 하나에 해당하는 죄를 범한 사람으로서 100만원 이상의 벌금형을 선고받고 그 형이 확정된 후 3년이 지나지 아니한 사람 가. 「성폭력범죄의 처벌 등에 관한 특례법」 제2조에 따른 성폭력범죄 나. 「정보통신망 이용촉진 및 정보보호 등에 관한 법률」 제74조제1항제2호 및 제3호에 규정된 죄 다. 「스토킹범죄의 처벌 등에 관한 법률」 제2조제2호에 따른 스토킹범죄 7의3. 미성년자에 대한 다음 각 목의 어느하나에 해당하는 죄를 저질러 파면·해임되거나 형 또는 치료감호를 선고받아 그 형 또는 치료감호가 확정된 사람(집행유예를 선고 받은 후 그 집행유예기간이 경과한 사람을 포함한다) 가. 「성폭력범죄의 처벌 등에 관한 특례법」 제2조에 따른 성폭력범죄 나. 「아동·청소년의 성보호에 관한 법률」 제2조제2호에 따른 아동·청소년대상 성범죄 병역의무자로서 병역기피의 사실이 있는 자 「형법」 제355조 및 제356조에 규정된 죄를 범한 자로서 300만원 이상의 벌금형을 선고받고 그 형이 확정된 후 2년이 지나지 아니한 자 「아동·청소년의 성보호에 관한 법률」 제56조에 의하여 취업이 제한된 자 「부패방지 및 국민권익위원회의 설치와 운영에 관한 법률」 제82조에 따라 취업이 제한된 자 3 모집분야",취업복지처,career
[한국산림복지진흥원] 2024년 하반기 직원 채용 공고,경동,2024-09-13,https://www.kduniv.ac.kr/kor/CMS/Board/Board.do?mCode=MN286&page=3&mode=view&mgr_seq=511&board_seq=62121,취업공지,"공고번호 제 2024-93호 2024년 하반기 한국산림복지진흥원 직원 채용 공고 2024년도 하반기 한국산림복지진흥원 직원 채용 계획을 다음과 같이 공고하오니 유능한 인재의 많은 지원을 바랍니다. 2024년 9월 4일 한국산림복지진흥원장 한국산림복지진흥원 Korea Forest Welfare Insititute (설립근거)「산림복지 진흥에 관한 법률」 제49조 (설립목적) 국민에게 체계적인 산림복지서비스를 제공함으로써 국민의 건강증진, 삶의 질 향상 및 행복 추구에 기여 (설립일자) 20216. 4. 18. (기관성격)「공곡기관의 운영에 관한 법률」에 따른 위탁집행형 준정부기간 (주요업무) 산림복지서비스 제공, 산림복지시설 조성·운영, 국가·지자체 위탁업무 수행 2 직급별 채용분야 및 인원 □ (고용형태) 정규직(5급(일반직), 공무직(무기계약직)) * 분야별 중복지원(공무직 채용 포함)은 불가하며, 중복지원이 확인되는 경우 불합격 처리함 □ (공개경쟁채용) 21명 공개경쟁채용 인원 직급 채용직무 채용예정기관 채용예정인원(명) 비고 합계 21 5급(일반직) 산림교육 전국 2 산림치유 국립산림치유원 3 국립횡성숲체원 1 일반행정 국립산림치유원 2 시설관리(전기) 국립산림치유원 1 국립장성숲체원 1 국립청도숲체원 1 국립춘천숲체원 1 안전관리 전국 1 국립횡성숲체원 1 국립청도숲체원 1 공무직(무기계약직) 일반행정 본원(대전) 1 국립칠곡숲체원 1 국립청도숲체원 1 연구개발센터* 1 시설관리 국립횡성숲체원 2 □ (제한경쟁채용) 6명 제한경쟁채용 인원 직급 채용직무 채용예정기관 채용예정인원 비고 합계 6 5급(국가유공자) 일반행정 국립횡성숲체원 1 국립청도숲체원 1 국립춘천숲체원 1 5급(장애인) 산림교육 국립칠곡숲체원 1 공무직(장애인) 일반행정 본원(대전) 1 국립칠곡숲체원 1 * 채용직급·채용직무 및 채용예정기관별 심사하여 채용 * 순환근무 원칙, 기관 인력운영에 따라 다른 기관으로 전보될 수 있으며, 임용 이후 개인의 업무수행능력 및 적성 등을 고려하여 채용직무와 다른 직무로 전보될 수 있음 * 5급의 경우, 채용예정기관이 명시된 직무에 채용된 자는 최소 5년 이상 해당 기관에서 근무하고 이후 순환근무 하는 것을 원칙으로 함 * 전국으로 채용된 자는 기관 인력운영 상황에 따라 결원인 기관에 배치될 예정임 * ‘연구개발센터’로 채용된 자는 센터 이전(24년 말~25년 초(예정))에 따라 근무지(영주→대전) 변동 예정 3 응시자격 □ (공통사항) 아래 결격사유에 해당하지 않는 자로서 임용일 기준 만60세 이하인 자 「한국산림복지진흥원 인사규정」제6조 결격사유 「국가공무원법」제33조 각 호의 1에 해당하는 자 「병역법」제76조제1항 각 호의 1에 해당하는 자 개인 신상에 관한 이력사항 및 서류 등을 허위로 기재하거나 위장하여 제출한 자 임용을 위한 신원조사 결과 부적격 판정을 받은 자 「부패방지 및 국민권익위원회의 설치와 운영에 관한 법률」제82조에 따른 비위면직자 등의 취업제한 적용을 받는 자 공공기관에서 부정한 방법으로 채용된 사실이 적발되어 면직 또는 채용이 취소된 날로부터 5년이 경과하지 아니한 자 □ (채용유형별) 채용공고 시작일 기준 아래 응시자격의 어느 하나에 충족하는 자 채용유형별 응시자격 구분 응시자격 공개경쟁 5급(전 직무) 제한없음 공무직 제한경쟁 5급(국가유공자) 일반행정 「국가유공자 등 예우 및 지원에 관한 법률」제29조, 「독립유공자 예우에 관한 법률」제16조 및 「5·18 민주유공자 예우에 관한 법률」제20조에 따른 취업지원 대상자 「특수임무유공자 지원 및 단체설립에 관한 법률」제19조, 「고엽제후유의증 환자지원 등에 관한 법률」제7조제9항, 「보훈보상대상자 지원에 관한 법률」제35조에 따른 취업지원 대상자 5급(장애인) 산림교육 「장애인 고용촉진 및 직업재활법」 제2조에 따른 장애인 공무직(장애인) 일반행정 「장애인 고용촉진 및 직업재활법」 제2조에 따른 장애인 4 채용예정 직무 채용예정 직무 직무분야 수행예정 직무 산림교육 산림교육프로그램 기획·운영, 프로그램 인증, 교육 효과성 검증",취업복지처,career
주식회사 산엔지니어링 채용 공고(SW 연구 개발),경동,2024-09-03,https://www.kduniv.ac.kr/kor/CMS/Board/Board.do?mCode=MN286&page=3&mode=view&mgr_seq=511&board_seq=61897,취업공지,.,취업복지처,career
[2024 강원랜드 국민영웅 힐링캠프] 캠프 스태프 모집,경동,2024-08-14,https://www.kduniv.ac.kr/kor/CMS/Board/Board.do?mCode=MN286&page=3&mode=view&mgr_seq=511&board_seq=61522,취업공지,"<캠프 개요> 1. 기간 : 본 캠프 2024.09.04(수)~2024.09.06(목) 2박 3일 - 운영 스텝은 1) 1박 2일 스텝과 2) 3박 4일 스텝으로 2가지 유형으로 구인합니다. 2. 장소 : 강원랜드 하이원리조트 (강원 정선군 고한읍 하이원길 424) - 캠프 시작 / 종료 모두 개별 이동 3. 선발 방식 : 8월 23일(금)까지 자체 이력서 양식으로 이메일 지원 ( cs@maumdama.net ) / ( 간단 양식 ) - 메일 제목 : 국민영웅캠프_1박2일(또는 3박4일)_지원자명 4. 선발 대상 : 강원도내 소속 대학생 또는 대학원생 5. 급여 : 1박 2일 총 25만원, 3박 4일 60만원 (종료 후 2주 이내 입금) / 숙식 지원 - 교통비 포함으로 캠프 시작 / 종료 모두 개별적으로 강원랜드로 오셔야합니다. 6. 업무 내용 : 사진 촬영, 참가자 인솔, 행사 부스 운영, 트레킹 코스 내 각 구역 담당, 트레킹 도시락 배달 등 캠프 운영 지원 일체 (유사 캠프 경험자 우대) 7. 문의 : 캠프 운영사무국 대표 번호 031-559-0530",취업복지처,career
[한국장애인고용공단] 2024년 하반기 한국장애인고용공단 채용(~8/23),경동,2024-08-14,https://www.kduniv.ac.kr/kor/CMS/Board/Board.do?mCode=MN286&page=3&mode=view&mgr_seq=511&board_seq=61518,취업공지,[한국장애인고용공단] 2024년 하반기 한국장애인고용공단 채용(~8/23),취업복지처,career
[김·장 법률사무소] 고객응대 및 회의지원 업무 부문 직원 채용,양주,2024-07-29,https://www.kduniv.ac.kr/kor/CMS/Board/Board.do?mCode=MN286&page=3&mode=view&mgr_seq=511&board_seq=61394,취업공지,[김·장 법률사무소] 고객응대 및 회의지원 업무 부문 직원 채용,취업복지처,career
한국원자력환경공단 2024년 정기채용,경동,2024-07-18,https://www.kduniv.ac.kr/kor/CMS/Board/Board.do?mCode=MN286&page=3&mode=view&mgr_seq=511&board_seq=61312,취업공지,한국원자력환경공단 2024년 정기채용,취업복지처,career
서민금융진흥원 2024년 제3차 기간제 육아휴직대체직원 공개채용,경동,2024-07-17,https://www.kduniv.ac.kr/kor/CMS/Board/Board.do?mCode=MN286&page=3&mode=view&mgr_seq=511&board_seq=61304,취업공지,[서민금융진흥원 2024년 제3차 기간제 육아휴직대체직원 채용공고] 서민금융 정책상품을 공급하고 자활을 지원하여 서민들의 새 길을 열어주실 가슴 따뜻하고 역량있는 직원을 모집합니다. ● 공고 기간: 2024. 07. 15.(월) ~ 07. 29.(월) ● 원서 접수: 2024. 07. 17.(수) ~ 07. 29.(월) 15:00限 ● 온라인 입사지원 홈페이지 : https://subkinfa2.scout.co.kr,취업복지처,career
2024년 (주)에스윈코리아 채용,양주,2024-06-25,https://www.kduniv.ac.kr/kor/CMS/Board/Board.do?mCode=MN286&page=3&mode=view&mgr_seq=511&board_seq=61110,취업공지,2024년 (주)에스윈코리아 채용,취업복지처,career
2024년 수도권ICT이노베이션스퀘어 인공지능 블록체인 교육생 모집,경동,2024-06-13,https://www.kduniv.ac.kr/kor/CMS/Board/Board.do?mCode=MN286&page=3&mode=view&mgr_seq=511&board_seq=60986,취업공지,.,취업복지처,career
"경동대학교 직원 모집(전기기사, 시설관리)",전체,2026-05-27,https://www.kduniv.ac.kr/kor/CMS/Board/Board.do?mCode=MN287&mode=view&mgr_seq=512&board_seq=71598,채용공지,"경동대학교 직원 모집 “ 취업사관학교 경동대학교 ” 에서 창의력과 추진력 있는 인재를 모집합니다 . 1. 모집분야 및 지원자격 모집분야 ( 세부 ) 모집인원 지원자격 근무지 전기기사 ( 직원 ) O 명 1. 전기기사 자격증 취득 후 실무경력 2년 이상인 자 또는 전기산업기사 자격 취득 후 실무경력 4년 이상인 자 글로벌캠퍼스 ( 강원도 고성 ) 메디컬캠퍼스 ( 강원도 원주 ) 시설관리 ( 직원 ) O 명 1. 보일러 취급기능사 2급 이상(에너지관리기능사) 소지자 [우대사항] - 위험물 및 가스안전관리자 선임 가능자 - 시설, 설비 관리 가능 자격증 소지자 - 건물 시설 및 조경 관리 가능자 - 기계설비 안전관리자 선임 가능자 - 정보통신설비 안전관리자 선임 가능자 글로벌캠퍼스 ( 강원도 고성 ) ※ 공통 지원자격 - 사립학교 교직원 임용에 결격사유가 없는 자. - 정년(만 60세)을 초과하지 않는 자. ※ 전형 결과에 따라 수습기간이 부여될 수 있음 . 2. 제출 서류 가 . 이력서 및 자기소개서 ( 본교양식 활용 ) 각 1 부 . < 필수 > 나 . 최종학교 졸업증명서 및 성적증명서 각 1 부 . < 필수 > 다. 경력(재직)증명서 등 이력서 상의 증빙자료 각 1부. <해당자> 라. 자격/면허증 사본 1부. <해당자> 마 . 개인정보 수집 ‧ 이용에 관한 동의서 1 부 . < 필수 > ※ 장애인, 취업보호대상자는 관련법에 의거 우대합니다. ※ 이력서 상 에 기재된 증빙자료 는 반드시 제출 하시기 바랍니다. 3. 전형 방법 가. 1차 심사 : 서류심사 나. 2차 심사 : 면접심사 (전형 단계별로 해당자에게 개별 통보) ※ 필요시 1차, 2차 면접으로 구분하여 시행 4. 접수 기간 : 2026.05.27.( 수 )~2026.06.04.( 목 ) 17:00 까지 ( 기한 엄수 ) 5. 제출 방법 ( 이메일 접수 ) 가. 이 메 일 : insa@kduniv.ac.kr 나. 제출방법 : 이력서(본인서명 必) 및 자기소개서 증빙자료는 하나의 PDF 파일 형태로 제출 ※ 이메일, 문서제목은 [ 모집분야 ( 세부 )- 근무지 ]- 성명 으로 작성하여 제출 ※ 이력서 및 자기소개서는 HWP 파일 추가 제출 ☎. 문 의 : 031-869-9753 (경동대학교 인사담당자) 6. 기타 사항 가. 급여조건 : 면접 후 결정 나. 적격자가 없을 경우에는 선발하지 않을 수 있습니다. 다. 채용일정은 대학의 사정에 따라 변경될 수 있습니다. 라. 제출서류가 누락된 경우는 1차 서류전형대상에서 제외할 수 있습니다. 마. 합격 후라도 신원조사를 통해 결격사유가 확인되면 합격이 취소될 수 있습니다. 바. 전형기간 중 지원자와의 연락불통으로 인한 불이익은 지원자 책임입니다. 사. 채용서류의 반환 등 고지 ① 제출서류의 반환을 요청할 수 있습니다. ② 제출서류 반환 요청 : 유선 요청(031-869-9753) ③ 제출서류 반환 방법 : 우편송부(대학부담) 또는 직접 방문수령",교직원인사팀,recruiting
[경동대학교] 2026학년도 1학기 객원 취업컨설턴트 모집 안내,경동,2026-02-12,https://www.kduniv.ac.kr/kor/CMS/Board/Board.do?mCode=MN287&mode=view&mgr_seq=512&board_seq=70326,채용공지,"2026학년도 1학기 객원 취업컨설턴트 모집 안내 □ 개요 ◦ 채용인원 : 객원 취업컨설턴트 2명(메디컬캠퍼스: 1명, 메트로폴캠퍼스: 1명) ◦ 계약기간 : 2026. 03. 16.(월). ~ 2026. 06. 12.(금) / 13주 ◦ 소 재 지 - 메디컬캠퍼스: 강원도 원주시 문막읍 견훤로 815 - 메트로폴캠퍼스: 경기도 양주시 경동대학로 27 ◦ 근무시간: 주 1회(출, 퇴근), 09:00~18:00 ◦ 급여: 1일 기준 150,000원(세전) *4대 사회보험 미적용 □ 지원 자격 및 요건 가 . 기본요건 ( 공통사항 ) ◦ 국가공무원법 제33조 각호의 결격사유에 해당하지 않으며 공무원임용시험령 등 관계법령에 의하여 응시 자격을 정지당하지 아니한 자 ◦ 남자의 경우 병역을 필하였거나 면제된 자 ◦ 대한민국 국적 소지자 ◦ 해외여행에 결격사유가 없는 자 ◦ 정년(만 60세)을 초과하지 않는 자 나 . 응시자격 및 우대사항 ◦ 대학생 진로 및 취업상담 직무 수행에 적합한 역량을 갖춘 자(우대) ◦ 직업상담사 2급 이상 소지자(우대) ◦ 진로 및 취·창업지원 관련 업무경력 1년 이상자(우대) ◦ 대학일자리(플러스)센터 근무 경력자(우대) □ 채용일정 ◦ 서류접수 : 2026. 02. 14.(토). ~ 03. 01.(일)까지 ◦ 서류전형 합격자 발표 : 03. 03.(화) / 개별공지 ◦ 면접전형 : 2026. 03. 04.(수) 예정 □ 제출서류 1. 이력서(본교양식) 2. 개인정보 수집·이용동의서(본교양식) 3. 직업상담사 자격증 사본 4. 최종학교 졸업 및 성적 증명서 5. 경력(재직)증명서 등 이력서 상의 증빙자료(해당자) ※ 경력증명서가 첨부되지 않은 경력은 인정되지 않으며 업무 관련 경력만 인정함 □ 제출방법 ◦ 이메일 접수(kmj@kduniv.ac.kr) ◦ 이메일 및 파일 제목은 “경동대 객원취업컨설턴트 ◯◯◯ 채용서류 제출”로 모든 서류를 하나의 PDF 파일로 제출 ◦ 지원서 및 자기소개서는 “HWP 파일” 추가 제출 □ 기타 사항 가. 응시원서 등에 허위기재, 기재사항 착오 및 누락 등으로 인해 발생하는 모든 불이익은 응시자의 책임으로 함 나. 합격자 통지(임용) 후 채용신체검사서, 결격사유조회 등에 결격사유가 있을 경우와 응시원서 등에 기재된 내용이 허위로 판명될 경우 합격 또는 임용을 취소할 수 있음 다. 지원자 중 채용자격 요건은 갖추어도 서류전형(1차) 또는 면접시험(2차)을 통하여 해당 분야에 적격자가 없을 경우 선발하지 않을 수 있으며, 채용자격이 부적합하다고 판단될 경우 선발하지 않을 수 있음 라. 본 공고에 명시되지 아니한 중요한 사항은 발생시 추가사항은 경동대학교 홈페이지에 공지할 예정임 마. 채용일정은 대학 사정에 따라 변경될 수 있음 바. 제출서류가 누락된 경우는 1차 서류전형 대상에서 제외할 수 있음 사. 전형기간 중 지원자와의 연락 불통으로 인한 불이익은 지원자의 책임임 아. 채용서류의 반환 등 고지 1) 제출서류의 반환을 요청할 수 있음 2) 제출서류 반환 요청: 유선 요청(031-869-9717) 3) 제출서류 반환 방법: 우편 송부(대학부담) 또는 직접 방문 수령 □ 경동대학교 취업복지처 채용 담당 ◦ 이메일 : kmj@kduniv.ac.kr ◦ 유선전화 : 031-869-9717~8",취업복지처,recruiting
경동대학교 국제교육원 2026학년도 1학기 사회통합프로그램 한국어 강사 채용 공고,고성,2026-02-10,https://www.kduniv.ac.kr/kor/CMS/Board/Board.do?mCode=MN287&mode=view&mgr_seq=512&board_seq=70293,채용공지,"경동대학교 국제교육원에서는 2026학년도 1학기 사회통합프로그램 한국어강사를 아래와 같이 모집하고자 합니다. □ 개요 ◦ 채용인원 : 한국어 강사 0명 ◦ 계약기간 : 2026. 3. 9. (월) ~ 2025. 06. 15. (월) ◦ 소 재 지 : 강원도 고성군 봉포4길 46 경동대학교 국제교육원 □ 지원자격 ◦ 국립국어원에서 발급하는 한국어교원 자격증 2급 이상 소지자(필수) ◦ 한국어교육 경력 1년 이상인 자(우대) ◦ 한국어교육 관련 전공 석사학위 이상 소지자(우대) □ 지원사항 ◦ 강사료 : 본교 내규 규정에 따름 ◦ 강의시수 : 주당 최소 8시간 ~ 최대 20시간 ※ 월~금 / 09:00 ~ 18:00 수업 가능자 □ 채용일정 ◦ 서류접수 : 2025. 02. 10.(화) ~ 2. 19. (목), 17:00 까지 ◦ 서류전형 합격자 개별 통지 후 면접 시행 ◦ 면접 및 강의시연 : 별도 공지 예정 □ 제출서류 ◦ 지원서 및 자기소개서(본교양식) ◦ 개인정보 수집 및 이용에 관한 동의서 1부(본교양식) ◦ 대학(필수)·대학원(해당자에 한함) 졸업증명서 및 성적증명서 각 1부 ◦ 한국어교원 자격증 사본(필수) 및 경력증명서(2년 이상 필수) □ 제출방법 ◦ 이메일 접수(jobamfrom0d3@kduniv.ac.kr) ◦ 이메일 제목은 “글로벌 캠퍼스 한국어 강사 채용서류 제출”로 모든 서류를 하나의 PDF 파일로 제출 □ 경동대학교 국제교육원 한국어강사 채용담당 ◦ 이메일 : jobamfrom0d3@kduniv.ac.kr ◦ 유선전화 : 033-639-0137",조범희,recruiting
[취업복지처] 2025학년도 2학기 객원 취업컨설턴트 모집 안내,경동,2025-08-14,https://www.kduniv.ac.kr/kor/CMS/Board/Board.do?mCode=MN287&mode=view&mgr_seq=512&board_seq=66861,채용공지,"2025학년도 1학기 객원 취업컨설턴트 모집 안내 □ 개요 ◦ 채용인원 : 객원 취업컨설턴트 4명(메디컬캠퍼스: 2명, 메트로폴캠퍼스: 2명) ◦ 계약기간 : 2025. 09. 15.(월). ~ 2025. 12. 12.(금) / 13주 ◦ 소 재 지 - 메디컬캠퍼스: 강원도 원주시 문막읍 견훤로 815 - 메트로폴캠퍼스: 경기도 양주시 경동대학로 27 ◦ 근무시간: 주 1회(출, 퇴근), 09:00~18:00 ◦ 급여: 1일 기준 150,000원(세전) *4대 사회보험 미적용 □ 지원 자격 및 요건 가 . 기본요건 ( 공통사항 ) ◦ 국가공무원법 제33조 각호의 결격사유에 해당하지 않으며 공무원임용시험령 등 관계법령에 의하여 응시 자격을 정지당하지 아니한 자 ◦ 남자의 경우 병역을 필하였거나 면제된 자 ◦ 대한민국 국적 소지자 ◦ 해외여행에 결격사유가 없는 자 ◦ 정년(만 60세)을 초과하지 않는 자 나 . 응시자격 및 우대사항 ◦ 대학생 진로 및 취업상담 직무 수행에 적합한 역량을 갖춘 자(우대) ◦ 직업상담사 2급 이상 소지자(우대) ◦ 진로 및 취·창업지원 관련 업무경력 1년 이상자(우대) ◦ 대학일자리(플러스)센터 근무 경력자(우대) □ 채용일정 ◦ 서류접수 : 2025. 08. 18.(월). ~ 09. 07.(일)까지 ◦ 서류전형 합격자 발표 : 09. 08.(월) / 개별공지 ◦ 면접전형 : 2025. 09. 10.(수) 예정 □ 제출서류 1. 이력서(본교양식) 2. 개인정보 수집·이용동의서(본교양식) 3. 직업상담사 자격증 사본 4. 최종학교 졸업 및 성적 증명서 5. 경력(재직)증명서 등 이력서 상의 증빙자료(해당자) ※ 경력증명서가 첨부되지 않은 경력은 인정되지 않으며 업무 관련 경력만 인정함 □ 제출방법 ◦ 이메일 접수(kmj@kduniv.ac.kr) ◦ 이메일 및 파일 제목은 “경동대 객원취업컨설턴트 ◯◯◯ 채용서류 제출”로 모든 서류를 하나의 PDF 파일로 제출 ◦ 지원서 및 자기소개서는 “HWP 파일” 추가 제출 □ 기타 사항 가. 응시원서 등에 허위기재, 기재사항 착오 및 누락 등으로 인해 발생하는 모든 불이익은 응시자의 책임으로 함 나. 합격자 통지(임용) 후 채용신체검사서, 결격사유조회 등에 결격사유가 있을 경우와 응시원서 등에 기재된 내용이 허위로 판명될 경우 합격 또는 임용을 취소할 수 있음 다. 지원자 중 채용자격 요건은 갖추어도 서류전형(1차) 또는 면접시험(2차)을 통하여 해당 분야에 적격자가 없을 경우 선발하지 않을 수 있으며, 채용자격이 부적합하다고 판단될 경우 선발하지 않을 수 있음 라. 본 공고에 명시되지 아니한 중요한 사항은 발생시 추가사항은 경동대학교 홈페이지에 공지할 예정임 마. 채용일정은 대학 사정에 따라 변경될 수 있음 바. 제출서류가 누락된 경우는 1차 서류전형 대상에서 제외할 수 있음 사. 전형기간 중 지원자와의 연락 불통으로 인한 불이익은 지원자의 책임임 아. 채용서류의 반환 등 고지 1) 제출서류의 반환을 요청할 수 있음 2) 제출서류 반환 요청: 유선 요청(031-869-9717) 3) 제출서류 반환 방법: 우편 송부(대학부담) 또는 직접 방문 수령 □ 경동대학교 취업복지처 채용 담당 ◦ 이메일 : kmj@kduniv.ac.kr ◦ 유선전화 : 031-869-9717~8",취업복지처,recruiting
경동대학교 국제교육원 2025학년도 1학기 사회통합프로그램 한국어 강사 채용공고,전체,2025-03-05,https://www.kduniv.ac.kr/kor/CMS/Board/Board.do?mCode=MN287&mode=view&mgr_seq=512&board_seq=64936,채용공지,"경동대학교 국제교육원에서는 2025학년도 1학기 사회통합프로그램 한국어강사를 아래와 같이 모집하고자 합니다. □ 개요 ◦ 채용인원 : 한국어 강사 0명 ◦ 계약기간 : 2025. 03. 17.(월) ~ 2025. 06. 16.(월) ◦ 소 재 지 : 강원도 고성군 봉포4길 46 경동대학교 국제교육원 □ 지원자격 ◦ 국립국어원에서 발급하는 한국어교원 자격증 2급 이상 소지자(필수) ◦ 한국어교육 경력 1년 이상인 자(우대) ◦ 한국어교육 관련 전공 석사학위 이상 소지자(우대) □ 지원사항 ◦ 강사료 : 본교 내규 규정에 따름 ◦ 강의시수 : 주당 최소 8시간 ~ 최대 20시간 ※ 월~금 / 09:00 ~ 18:00 수업 가능자 □ 채용일정 ◦ 서류접수 : 2025. 03. 06.(목) ~ 03. 12. (수), 17:00 까지 ◦ 서류전형 합격자 개별 통지 후 면접 시행 ◦ 면접 및 강의시연 : 별도 공지 예정 □ 제출서류 ◦ 지원서 및 자기소개서(본교양식) ◦ 개인정보 수집 및 이용에 관한 동의서 1부(본교양식) ◦ 대학(필수)·대학원(해당자에 한함) 졸업증명서 및 성적증명서 각 1부 ◦ 한국어교원 자격증 사본(필수) 및 경력증명서(2년 이상 필수) □ 제출방법 ◦ 이메일 접수(jobamfrom0d3@kduniv.ac.kr) ◦ 이메일 제목은 “글로벌 캠퍼스 한국어 강사 채용서류 제출”로 모든 서류를 하나의 PDF 파일로 제출 □ 경동대학교 국제교육원 한국어강사 채용담당 ◦ 이메일 : jobamfrom0d3@kduniv.ac.kr ◦ 유선전화 : 033-639-0137",조범희,recruiting
경동대학교 국제교육원 2025 봄학기 한국어강사 채용공고,고성,2025-03-05,https://www.kduniv.ac.kr/kor/CMS/Board/Board.do?mCode=MN287&mode=view&mgr_seq=512&board_seq=64933,채용공지,"경동대학교 국제교육원에서는 2025학년도 봄학기 한국어강사를 아래와 같이 모집하고자 합니다. □ 개요 ◦ 채용인원 : 한국어 강사 0명 ◦ 계약기간 : 2025. 03. 17.(월) ~ 2025. 05. 27.(화) ◦ 소 재 지 : 강원도 고성군 봉포4길 46 경동대학교 국제교육원 □ 지원자격 ◦ 국립국어원에서 발급하는 한국어교원 자격증 2급 이상 소지자(필수) ◦ 한국어교육 경력 1년 이상인 자(우대) ◦ 한국어교육 관련 전공 석사학위 이상 소지자(우대) □ 지원사항 ◦ 강사료 : 본교 내규 규정에 따름 ◦ 강의시수 : 주당 최소 8시간 ~ 최대 20시간 ※ 월~금 / 09:00 ~ 18:00 수업 가능자 □ 채용일정 ◦ 서류접수 : 2025. 03. 06.(목) ~ 03. 11.(화), 17:00 까지 ◦ 서류전형 합격자 개별 통지 후 면접 시행 ◦ 면접 및 강의시연 : 별도 공지 예정 □ 제출서류 ◦ 지원서 및 자기소개서(본교양식) ◦ 개인정보 수집 및 이용에 관한 동의서 1부(본교양식) ◦ 대학(필수)·대학원(해당자에 한함) 졸업증명서 및 성적증명서 각 1부 ◦ 한국어교원 자격증 사본(필수) 및 경력증명서(2년 이상 필수) □ 제출방법 ◦ 이메일 접수(mini2625@kduniv.ac.kr) ◦ 이메일 제목은 “글로벌 캠퍼스 한국어 강사 채용서류 제출”로 모든 서류를 하나의 PDF 파일로 제출 □ 경동대학교 국제교육원 한국어강사 채용담당 ◦ 이메일 :mini2625@kduniv.ac.kr ◦ 유선전화 : 033-639-0184",최수연,recruiting
국제개발처 2025년 봄학기 한국어강사 채용공고,양주,2025-02-24,https://www.kduniv.ac.kr/kor/CMS/Board/Board.do?mCode=MN287&mode=view&mgr_seq=512&board_seq=64807,채용공지,"경동대학교 국제개발처에서는 2025 학년도 봄학기 한국어과정 한국어강사를 아래와 같이 모집하고자 합니다 . □ 개요 ◦ 채용인원 : 한국어 강사 0명 ◦ 계약기간 : 2025. 03. 24.(월). ~ 2025. 06. 03.(화) / 봄학기(보강 주 포함) ◦ 소 재 지 : 경기도 양주시 경동대학로 27, 경동대학교 국제개발처 □ 지원자격 ◦ 국립국어원에서 발급하는 한국어교원 자격증 2 급 이상 소지자 ( 필수 ) ◦ 한국어교육 경력 1년 이상인 자(우대) ◦ 한국어교육 관련 전공 석사학위 이상 소지자(우대) □ 지원사항 ◦ 강사료 : 본교 내규 규정에 따름(담임 배정시 수당 별도 지급) ◦ 강의시수 : 주당 최소 8시간 ~ 최대 20시간 ※월~금 / 09:00 ~ 12:50(오전), 14:00 ~ 17:50(오후) 수업가능자 (수업시수 편성에 따라 오전반과 오후반 유동적 배정 예정) □ 채용일정 ◦ 서류접수 : 2025. 02. 24.(월). ~ 03. 04.(화), 13:00 까지 ◦ 서류전형 합격자 발표 : 2025. 03. 07.(금) / 개별공지 ◦ 면접 및 강의시연 : 2025. 03. 10.(월), 예정 □ 제출서류 ◦ 지원서 및 자기소개서(본교양식) ◦ 개인정보 수집 및 이용에 관한 동의서 1부(본교양식) ◦ 대학(필수)·대학원(해당자에 한함) 졸업증명서 및 성적증명서 각 1부 ◦ 한국어교원 자격증 사본(필수) 및 경력증명서(해당자에 한함) ※ 경력증명서가 첨부되지 않은 경력은 인정되지 않으며 한국어학당 관련 강사 경력만 인정함 □ 제출방법 ◦ 이메일 접수(lovefishboy@kduniv.ac.kr) ◦ 이메일 제목은 “경동대 한국어 강사 ◯◯◯ 채용서류 제출”로 모든 서류를 하나의 PDF 파일로 제출 □ 경동대학교 국제개발처 한국어강사 채용담당 ◦ 이메일 : lovefishboy@kduniv.ac.kr ◦ 유선전화 : 031-869-9713/9763",국제개발처,recruiting
국제개발처 한국어강사 모집 안내,전체,2024-11-13,https://www.kduniv.ac.kr/kor/CMS/Board/Board.do?mCode=MN287&mode=view&mgr_seq=512&board_seq=63203,채용공지,"경동대학교 국제개발처에서는 2024 학년도 겨울학기 한국어과정 한국어강사를 아래와 같이 모집하고자 합니다 . □ 개요 ◦ 채용인원 : 한국어 강사 0명 ◦ 계약기간 : 2024. 12. 23.(월). ~ 2025. 03. 10.(월) / 겨울학기(보강 주 포함) ◦ 소 재 지 : 경기도 양주시 경동대학로 27, 경동대학교 국제개발처 □ 지원자격 ◦ 국립국어원에서 발급하는 한국어교원 자격증 2 급 이상 소지자 ( 필수 ) ◦ 한국어교육 경력 1년 이상인 자(우대) ◦ 한국어교육 관련 전공 석사학위 이상 소지자(우대) □ 지원사항 ◦ 강사료 : 본교 내규 규정에 따름(담임 배정시 수당 별도 지급) ◦ 강의시수 : 주당 최소 8시간 ~ 최대 20시간 ※월~금 / 09:00 ~ 12:50(오전), 14:00 ~ 17:50(오후) 수업가능자 (수업시수 편성에 따라 오전반과 오후반 유동적 배정 예정) □ 채용일정 ◦ 서류접수 : 2024. 11. 15.(금). ~ 11. 25.(월), 15:00 까지 ◦ 서류전형 합격자 발표 : 2024. 11. 28.(목) / 개별공지 ◦ 면접 및 강의시연 : 2024. 12. 03.(화), 예정 □ 제출서류 ◦ 지원서 및 자기소개서(본교양식) ◦ 개인정보 수집 및 이용에 관한 동의서 1부(본교양식) ◦ 대학(필수)·대학원(해당자에 한함) 졸업증명서 및 성적증명서 각 1부 ◦ 한국어교원 자격증 사본(필수) 및 경력증명서(해당자에 한함) ※ 경력증명서가 첨부되지 않은 경력은 인정되지 않으며 한국어학당 관련 강사 경력만 인정함 □ 제출방법 ◦ 이메일 접수(lovefishboy@kduniv.ac.kr) ◦ 이메일 제목은 “경동대 한국어 강사 ◯◯◯ 채용서류 제출”로 모든 서류를 하나의 PDF 파일로 제출 □ 경동대학교 국제개발처 한국어강사 채용담당 ◦ 이메일 : lovefishboy@kduniv.ac.kr ◦ 유선전화 : 031-869-9713/9763",국제개발처,recruiting
경동대학교 국제교육원 한국어강사 채용공고,고성,2024-08-27,https://www.kduniv.ac.kr/kor/CMS/Board/Board.do?mCode=MN287&mode=view&mgr_seq=512&board_seq=61710,채용공지,"경동대학교 국제교육원에서는 2024 학년도 2학기 한국어강사를 아래와 같이 모집하고자 합니다 . □ 개요 ◦ 채용인원 : 한국어 강사 0명 ◦ 계약기간 : 2024. 09. 02.(월). ~ 2024. 12. 06.(금) ◦ 소 재 지 : 강원도 고성군 봉포4길 46 경동대학교 국제교육원 □ 지원자격 ◦ 국립국어원에서 발급하는 한국어교원 자격증 2 급 이상 소지자 ( 필수 ) ◦ 한국어교육 경력 1년 이상인 자(우대) ◦ 한국어교육 관련 전공 석사학위 이상 소지자(우대) □ 지원사항 ◦ 강사료 : 본교 내규 규정에 따름 ◦ 강의시수 : 주당 최소 8시간 ~ 최대 20시간 ※월~금 / 09:00 ~ 18:00 수업 가능자 □ 채용일정 ◦ 서류접수 : 2024. 08. 27.(화). ~ 08. 30.(금), 17:00 까지 ◦ 서류전형 합격자 개별 통지 후 면접 시행 ◦ 면접 및 강의시연 : 별도 공지 예정 □ 제출서류 ◦ 지원서 및 자기소개서(본교양식) ◦ 개인정보 수집 및 이용에 관한 동의서 1부(본교양식) ◦ 대학(필수)·대학원(해당자에 한함) 졸업증명서 및 성적증명서 각 1부 ◦ 한국어교원 자격증 사본(필수) 및 경력증명서(2년 이상 필수) □ 제출방법 ◦ 이메일 접수(mini2625@kduniv.ac.kr) ◦ 이메일 제목은 “글로벌 캠퍼스 한국어 강사 채용서류 제출”로 모든 서류를 하나의 PDF 파일로 제출 □ 경동대학교 국제교육원 한국어강사 채용담당 ◦ 이메일 :mini2625@kduniv.ac.kr ◦ 유선전화 : 033-639-0184",최수연,recruiting
국제개발처 한국어강사 모집 안내,양주,2024-05-23,https://www.kduniv.ac.kr/kor/CMS/Board/Board.do?mCode=MN287&page=2&mode=view&mgr_seq=512&board_seq=60754,채용공지,"경동대학교 국제개발처에서는 2024 학년도 여름학기 한국어과정 한국어강사를 아래와 같이 모집하고자 합니다 . □ 개요 ◦ 채용인원 : 한국어 강사 0명 ◦ 계약기간 : 2024. 06. 24.(월). ~ 2024. 09. 02.(월) / 여름학기(보강 주 포함) ◦ 소 재 지 : 경기도 양주시 경동대학로 27, 경동대학교 국제개발처 □ 지원자격 ◦ 국립국어원에서 발급하는 한국어교원 자격증 2 급 이상 소지자 ( 필수 ) ◦ 한국어교육 경력 1년 이상인 자(우대) ◦ 한국어교육 관련 전공 석사학위 이상 소지자(우대) □ 지원사항 ◦ 강사료 : 본교 내규 규정에 따름(담임 배정시 수당 별도 지급) ◦ 강의시수 : 주당 최소 8시간 ~ 최대 20시간 ※월~금 / 09:00 ~ 12:50(오전), 14:00 ~ 17:50(오후) 수업가능자 (수업시수 편성에 따라 오전반과 오후반 유동적 배정 예정) □ 채용일정 ◦ 서류접수 : 2024. 05. 23.(목). ~ 06. 05.(수), 17:00 까지 ◦ 서류전형 합격자 발표 : 2024. 06. 10.(월) / 개별공지 ◦ 면접 및 강의시연 : 2024. 06. 13.(목), 예정 □ 제출서류 ◦ 지원서 및 자기소개서(본교양식) ◦ 개인정보 수집 및 이용에 관한 동의서 1부(본교양식) ◦ 대학(필수)·대학원(해당자에 한함) 졸업증명서 및 성적증명서 각 1부 ◦ 한국어교원 자격증 사본(필수) 및 경력증명서(해당자에 한함) ※ 경력증명서가 첨부되지 않은 경력은 인정되지 않으며 한국어학당 관련 강사 경력만 인정함 □ 제출방법 ◦ 이메일 접수(minjy29@kduniv.ac.kr) ◦ 이메일 제목은 “경동대 한국어 강사 ◯◯◯ 채용서류 제출”로 모든 서류를 하나의 PDF 파일로 제출 □ 경동대학교 국제개발처 한국어강사 채용담당 ◦ 이메일 : minjy29@kduniv.ac.kr ◦ 유선전화 : 031-869-9713",국제개발처,recruiting
[취업복지처] 2025학년도 1학기 객원 취업컨설턴트 모집 안내,경동,2024-02-26,https://www.kduniv.ac.kr/kor/CMS/Board/Board.do?mCode=MN287&page=2&mode=view&mgr_seq=512&board_seq=59762,채용공지,"2025학년도 1학기 객원 취업컨설턴트 모집 안내 □ 개요 ◦ 채용인원 : 객원 취업컨설턴트 4명(메디컬캠퍼스: 2명, 메트로폴캠퍼스: 2명) ◦ 계약기간 : 2025. 03. 24.(월). ~ 2025. 06. 20.(금) / 13주 ◦ 소 재 지 - 메디컬캠퍼스: 강원도 원주시 문막읍 견훤로 815 - 메트로폴캠퍼스: 경기도 양주시 경동대학로 27 ◦ 근무시간: 주 1회(출, 퇴근), 09:00~18:00 ◦ 급여: 1일 기준 150,000원(세전) *4대 사회보험 미적용 □ 지원 자격 및 요건 가 . 기본요건 ( 공통사항 ) ◦ 국가공무원법 제33조 각호의 결격사유에 해당하지 않으며 공무원임용시험령 등 관계법령에 의하여 응시 자격을 정지당하지 아니한 자 ◦ 남자의 경우 병역을 필하였거나 면제된 자 ◦ 대한민국 국적 소지자 ◦ 해외여행에 결격사유가 없는 자 ◦ 정년(만 60세)을 초과하지 않는 자 나 . 응시자격 및 우대사항 ◦ 대학생 진로 및 취업상담 직무 수행에 적합한 역량을 갖춘 자(우대) ◦ 직업상담사 2급 이상 소지자(우대) ◦ 진로 및 취·창업지원 관련 업무경력 1년 이상자(우대) ◦ 대학일자리(플러스)센터 근무 경력자(우대) □ 채용일정 ◦ 서류접수 : 2025. 02. 10.(월). ~ 03. 09.(일)까지 ◦ 서류전형 합격자 발표 : 03. 10.(월) / 개별공지 ◦ 면접전형 : 2025. 03. 12.(수) 예정 □ 제출서류 1. 이력서(본교양식) 2. 개인정보 수집·이용동의서(본교양식) 3. 직업상담사 자격증 사본 4. 최종학교 졸업 및 성적 증명서 5. 경력(재직)증명서 등 이력서 상의 증빙자료(해당자) ※ 경력증명서가 첨부되지 않은 경력은 인정되지 않으며 업무 관련 경력만 인정함 □ 제출방법 ◦ 이메일 접수(kmj@kduniv.ac.kr) ◦ 이메일 및 파일 제목은 “경동대 객원취업컨설턴트 ◯◯◯ 채용서류 제출”로 모든 서류를 하나의 PDF 파일로 제출 ◦ 지원서 및 자기소개서는 “HWP 파일” 추가 제출 □ 기타 사항 가. 응시원서 등에 허위기재, 기재사항 착오 및 누락 등으로 인해 발생하는 모든 불이익은 응시자의 책임으로 함 나. 합격자 통지(임용) 후 채용신체검사서, 결격사유조회 등에 결격사유가 있을 경우와 응시원서 등에 기재된 내용이 허위로 판명될 경우 합격 또는 임용을 취소할 수 있음 다. 지원자 중 채용자격 요건은 갖추어도 서류전형(1차) 또는 면접시험(2차)을 통하여 해당 분야에 적격자가 없을 경우 선발하지 않을 수 있으며, 채용자격이 부적합하다고 판단될 경우 선발하지 않을 수 있음 라. 본 공고에 명시되지 아니한 중요한 사항은 발생시 추가사항은 경동대학교 홈페이지에 공지할 예정임 마. 채용일정은 대학 사정에 따라 변경될 수 있음 바. 제출서류가 누락된 경우는 1차 서류전형 대상에서 제외할 수 있음 사. 전형기간 중 지원자와의 연락 불통으로 인한 불이익은 지원자의 책임임 아. 채용서류의 반환 등 고지 1) 제출서류의 반환을 요청할 수 있음 2) 제출서류 반환 요청: 유선 요청(031-869-9717) 3) 제출서류 반환 방법: 우편 송부(대학부담) 또는 직접 방문 수령 □ 경동대학교 취업복지처 채용 담당 ◦ 이메일 : kmj@kduniv.ac.kr ◦ 유선전화 : 031-869-9717~8",취업복지처,recruiting
국제개발처 한국어강사 모집 안내,양주,2024-02-08,https://www.kduniv.ac.kr/kor/CMS/Board/Board.do?mCode=MN287&page=2&mode=view&mgr_seq=512&board_seq=59423,채용공지,"경동대학교 국제개발처에서는 2024 학년도 봄학기 한국어과정 한국어강사를 아래와 같이 모집하고자 합니다 . □ 개요 ◦ 채용인원 : 한국어 강사 00명 ◦ 계약기간 : 2024. 03. 18.(월). ~ 2024. 05. 29.(수) / 봄학기(보강 주 포함) ◦ 소 재 지 : 경기도 양주시 경동대학로 27, 경동대학교 국제개발처 □ 지원자격 ◦ 국립국어원에서 발급하는 한국어교원 자격증 2 급 이상 소지자 ( 필수 ) ◦ 한국어교육 경력 1년 이상인 자(우대) ◦ 한국어교육 관련 전공 석사학위 이상 소지자(우대) □ 지원사항 ◦ 강사료 : 본교 내규 규정에 따름(담임 배정시 수당 별도 지급) ◦ 강의시수 : 주당 최소 8시간 ~ 최대 20시간 ※ 월~금 / 14:00 ~ 18:00 수업 가능자(수업시수 편성에 따라 오전과 오후반 유동적 배정 예정) □ 채용일정 ◦ 서류접수 : 2024. 02. 13.(화). ~ 02. 23.(금), 17:00 까지 ◦ 서류전형 합격자 발표 : 02. 27.(화) / 개별공지 ◦ 면접 및 강의시연 : 02. 29.(목), 예정 □ 제출서류 ◦ 지원서 및 자기소개서(본교양식) ◦ 개인정보 수집 및 이용에 관한 동의서 1부(본교양식) ◦ 대학(필수)·대학원(해당자에 한함) 졸업증명서 및 성적증명서 각 1부 ◦ 한국어교원 자격증 사본(필수) 및 경력증명서(해당자에 한함) ※ 경력증명서가 첨부되지 않은 경력은 인정되지 않으며 한국어학당 관련 강사 경력만 인정함 □ 제출방법 ◦ 이메일 접수(minjy29@kduniv.ac.kr) ◦ 이메일 제목은 “경동대 한국어 강사 ◯◯◯ 채용서류 제출”로 모든 서류를 하나의 PDF 파일로 제출 □ 경동대학교 국제개발처 한국어강사 채용담당 ◦ 이메일 : minjy29@kduniv.ac.kr ◦ 유선전화 : 031-869-9713",국제개발처,recruiting
신년 하례식(2026년도) (01. 02(금)),학사일정,2026-01-02,https://www.kduniv.ac.kr/kor/CMS/ScheduleMgr/YearList.do?mCode=MN096,학사일정,2026년 학사일정: 01. 02(금) 신년 하례식(2026년도),,academic_calendar
전기졸업대상자 졸업유예·조기졸업 신청기간(2025학년도) (01. 07(수) ∼ 01. 10(토)),학사일정,2026-01-07,https://www.kduniv.ac.kr/kor/CMS/ScheduleMgr/YearList.do?mCode=MN096,학사일정,2026년 학사일정: 01. 07(수) ∼ 01. 10(토) 전기졸업대상자 졸업유예·조기졸업 신청기간(2025학년도),,academic_calendar
복학신청기간(2026학년도 1학기) (01. 12(월) ∼ 02. 27(금)),학사일정,2026-01-12,https://www.kduniv.ac.kr/kor/CMS/ScheduleMgr/YearList.do?mCode=MN096,학사일정,2026년 학사일정: 01. 12(월) ∼ 02. 27(금) 복학신청기간(2026학년도 1학기),,academic_calendar
동계 워크숍(2025학년도) (01. 13(화) ∼ 01. 14(수)),학사일정,2026-01-13,https://www.kduniv.ac.kr/kor/CMS/ScheduleMgr/YearList.do?mCode=MN096,학사일정,2026년 학사일정: 01. 13(화) ∼ 01. 14(수) 동계 워크숍(2025학년도),,academic_calendar
수강신청기간(2026학년도 1학기) (01. 19(월) ∼ 01. 22(목)),학사일정,2026-01-19,https://www.kduniv.ac.kr/kor/CMS/ScheduleMgr/YearList.do?mCode=MN096,학사일정,2026년 학사일정: 01. 19(월) ∼ 01. 22(목) 수강신청기간(2026학년도 1학기),,academic_calendar
전과·재입학 신청기간(2026학년도 1학기) (01. 19(월) ∼ 01. 22(목)),학사일정,2026-01-19,https://www.kduniv.ac.kr/kor/CMS/ScheduleMgr/YearList.do?mCode=MN096,학사일정,2026년 학사일정: 01. 19(월) ∼ 01. 22(목) 전과·재입학 신청기간(2026학년도 1학기),,academic_calendar
전기 졸업사정(2025학년도) (01. 29(목)),학사일정,2026-01-29,https://www.kduniv.ac.kr/kor/CMS/ScheduleMgr/YearList.do?mCode=MN096,학사일정,2026년 학사일정: 01. 29(목) 전기 졸업사정(2025학년도),,academic_calendar
신입학 정시 합격자 발표(2.2.이전 발표)(2026학년도) (02. 02(월)),학사일정,2026-02-02,https://www.kduniv.ac.kr/kor/CMS/ScheduleMgr/YearList.do?mCode=MN096,학사일정,2026년 학사일정: 02. 02(월) 신입학 정시 합격자 발표(2.2.이전 발표)(2026학년도),,academic_calendar
유급신청기간(2026학년도 1학기) (02. 02(월) ∼ 02. 05(목)),학사일정,2026-02-02,https://www.kduniv.ac.kr/kor/CMS/ScheduleMgr/YearList.do?mCode=MN096,학사일정,2026년 학사일정: 02. 02(월) ∼ 02. 05(목) 유급신청기간(2026학년도 1학기),,academic_calendar
신입학 수시 및 정시 최종 등록(2026학년도) (02. 03(화) ∼ 02. 05(목)),학사일정,2026-02-03,https://www.kduniv.ac.kr/kor/CMS/ScheduleMgr/YearList.do?mCode=MN096,학사일정,2026년 학사일정: 02. 03(화) ∼ 02. 05(목) 신입학 수시 및 정시 최종 등록(2026학년도),,academic_calendar
신입학 정시 미등록 충원(2026학년도) (02. 06(금) ∼ 02. 13(금)),학사일정,2026-02-06,https://www.kduniv.ac.kr/kor/CMS/ScheduleMgr/YearList.do?mCode=MN096,학사일정,2026년 학사일정: 02. 06(금) ∼ 02. 13(금) 신입학 정시 미등록 충원(2026학년도),,academic_calendar
수강신청 변경기간(2026학년도 1학기) (02. 09(월) ∼ 02. 12(목)),학사일정,2026-02-09,https://www.kduniv.ac.kr/kor/CMS/ScheduleMgr/YearList.do?mCode=MN096,학사일정,2026년 학사일정: 02. 09(월) ∼ 02. 12(목) 수강신청 변경기간(2026학년도 1학기),,academic_calendar
재학생 등록금 고지서 출력가능(2026학년도 1학기) (02. 12(목)),학사일정,2026-02-12,https://www.kduniv.ac.kr/kor/CMS/ScheduleMgr/YearList.do?mCode=MN096,학사일정,2026년 학사일정: 02. 12(목) 재학생 등록금 고지서 출력가능(2026학년도 1학기),,academic_calendar
전기 학위수여식(2025학년도) (02. 13(금)),학사일정,2026-02-13,https://www.kduniv.ac.kr/kor/CMS/ScheduleMgr/YearList.do?mCode=MN096,학사일정,2026년 학사일정: 02. 13(금) 전기 학위수여식(2025학년도),,academic_calendar
재학생 등록금 분할납부 신청(2026학년도 1학기) (02. 19(목) ∼ 03. 05(목)),학사일정,2026-02-19,https://www.kduniv.ac.kr/kor/CMS/ScheduleMgr/YearList.do?mCode=MN096,학사일정,2026년 학사일정: 02. 19(목) ∼ 03. 05(목) 재학생 등록금 분할납부 신청(2026학년도 1학기),,academic_calendar
신입학 추가모집(접수·발표·등록 포함)(2026학년도) (02. 20(금) ∼ 02. 27(금)),학사일정,2026-02-20,https://www.kduniv.ac.kr/kor/CMS/ScheduleMgr/YearList.do?mCode=MN096,학사일정,2026년 학사일정: 02. 20(금) ∼ 02. 27(금) 신입학 추가모집(접수·발표·등록 포함)(2026학년도),,academic_calendar
재학생 등록기간(2026학년도 1학기) (02. 23(월) ∼ 02. 27(금)),학사일정,2026-02-23,https://www.kduniv.ac.kr/kor/CMS/ScheduleMgr/YearList.do?mCode=MN096,학사일정,2026년 학사일정: 02. 23(월) ∼ 02. 27(금) 재학생 등록기간(2026학년도 1학기),,academic_calendar
"입학식 및 신입생, 편입생 수강신청(2026학년도) (02. 27(금))",학사일정,2026-02-27,https://www.kduniv.ac.kr/kor/CMS/ScheduleMgr/YearList.do?mCode=MN096,학사일정,"2026년 학사일정: 02. 27(금) 입학식 및 신입생, 편입생 수강신청(2026학년도)",,academic_calendar
개시일 및 개강(1학기) (03. 03(화)),학사일정,2026-03-03,https://www.kduniv.ac.kr/kor/CMS/ScheduleMgr/YearList.do?mCode=MN096,학사일정,2026년 학사일정: 03. 03(화) 개시일 및 개강(1학기),,academic_calendar
복수ㆍ부전공신청(1학기) (03. 09(월) ∼ 03. 12(목)),학사일정,2026-03-09,https://www.kduniv.ac.kr/kor/CMS/ScheduleMgr/YearList.do?mCode=MN096,학사일정,2026년 학사일정: 03. 09(월) ∼ 03. 12(목) 복수ㆍ부전공신청(1학기),,academic_calendar
수업일수 1/4선(1학기) (03. 28(토)),학사일정,2026-03-28,https://www.kduniv.ac.kr/kor/CMS/ScheduleMgr/YearList.do?mCode=MN096,학사일정,2026년 학사일정: 03. 28(토) 수업일수 1/4선(1학기),,academic_calendar
군 제대 학생 복학신청 마감(1학기) (03. 28(토)),학사일정,2026-03-28,https://www.kduniv.ac.kr/kor/CMS/ScheduleMgr/YearList.do?mCode=MN096,학사일정,2026년 학사일정: 03. 28(토) 군 제대 학생 복학신청 마감(1학기),,academic_calendar
미등록 휴학 마감일(미등록 제적)(1학기) (03. 28(토)),학사일정,2026-03-28,https://www.kduniv.ac.kr/kor/CMS/ScheduleMgr/YearList.do?mCode=MN096,학사일정,2026년 학사일정: 03. 28(토) 미등록 휴학 마감일(미등록 제적)(1학기),,academic_calendar
대학입학전형 시행계획 제출(2028학년도) (03. 31(화)),학사일정,2026-03-31,https://www.kduniv.ac.kr/kor/CMS/ScheduleMgr/YearList.do?mCode=MN096,학사일정,2026년 학사일정: 03. 31(화) 대학입학전형 시행계획 제출(2028학년도),,academic_calendar
개시 30일(1학기) (04. 01(수)),학사일정,2026-04-01,https://www.kduniv.ac.kr/kor/CMS/ScheduleMgr/YearList.do?mCode=MN096,학사일정,2026년 학사일정: 04. 01(수) 개시 30일(1학기),,academic_calendar
미복학 휴학 연장 마감일(미복학 제적)(1학기) (04. 01(수)),학사일정,2026-04-01,https://www.kduniv.ac.kr/kor/CMS/ScheduleMgr/YearList.do?mCode=MN096,학사일정,2026년 학사일정: 04. 01(수) 미복학 휴학 연장 마감일(미복학 제적)(1학기),,academic_calendar
수업일수 1/3선(1학기) (04. 06(월)),학사일정,2026-04-06,https://www.kduniv.ac.kr/kor/CMS/ScheduleMgr/YearList.do?mCode=MN096,학사일정,2026년 학사일정: 04. 06(월) 수업일수 1/3선(1학기),,academic_calendar
중간고사(1학기) (04. 21(화) ∼ 04. 27(월)),학사일정,2026-04-21,https://www.kduniv.ac.kr/kor/CMS/ScheduleMgr/YearList.do?mCode=MN096,학사일정,2026년 학사일정: 04. 21(화) ∼ 04. 27(월) 중간고사(1학기),,academic_calendar
대학입학전형 시행계획 발표(홈페이지)(2027학년도) (04. 30(목)),학사일정,2026-04-30,https://www.kduniv.ac.kr/kor/CMS/ScheduleMgr/YearList.do?mCode=MN096,학사일정,2026년 학사일정: 04. 30(목) 대학입학전형 시행계획 발표(홈페이지)(2027학년도),,academic_calendar
대학입학전형 시행계획 제출(대교협)(2027학년도) (04. 30(목)),학사일정,2026-04-30,https://www.kduniv.ac.kr/kor/CMS/ScheduleMgr/YearList.do?mCode=MN096,학사일정,2026년 학사일정: 04. 30(목) 대학입학전형 시행계획 제출(대교협)(2027학년도),,academic_calendar
개시 60일(1학기) (05. 01(금)),학사일정,2026-05-01,https://www.kduniv.ac.kr/kor/CMS/ScheduleMgr/YearList.do?mCode=MN096,학사일정,2026년 학사일정: 05. 01(금) 개시 60일(1학기),,academic_calendar
체육대회 (05. 13(수) ∼ 05. 14(목)),학사일정,2026-05-13,https://www.kduniv.ac.kr/kor/CMS/ScheduleMgr/YearList.do?mCode=MN096,학사일정,2026년 학사일정: 05. 13(수) ∼ 05. 14(목) 체육대회,,academic_calendar
제45주년 개교기념일 (05. 15(금)),학사일정,2026-05-15,https://www.kduniv.ac.kr/kor/CMS/ScheduleMgr/YearList.do?mCode=MN096,학사일정,2026년 학사일정: 05. 15(금) 제45주년 개교기념일,,academic_calendar
수업일수 3/4선(1학기) (05. 19(화)),학사일정,2026-05-19,https://www.kduniv.ac.kr/kor/CMS/ScheduleMgr/YearList.do?mCode=MN096,학사일정,2026년 학사일정: 05. 19(화) 수업일수 3/4선(1학기),,academic_calendar
취업역량 경진대회 (05. 20(수)),학사일정,2026-05-20,https://www.kduniv.ac.kr/kor/CMS/ScheduleMgr/YearList.do?mCode=MN096,학사일정,2026년 학사일정: 05. 20(수) 취업역량 경진대회,,academic_calendar
개시 90일(1학기) (05. 31(일)),학사일정,2026-05-31,https://www.kduniv.ac.kr/kor/CMS/ScheduleMgr/YearList.do?mCode=MN096,학사일정,2026년 학사일정: 05. 31(일) 개시 90일(1학기),,academic_calendar
신입학 수시 주요사항 발표(홈페이지)(2027학년도) (05. 31(일)),학사일정,2026-05-31,https://www.kduniv.ac.kr/kor/CMS/ScheduleMgr/YearList.do?mCode=MN096,학사일정,2026년 학사일정: 05. 31(일) 신입학 수시 주요사항 발표(홈페이지)(2027학년도),,academic_calendar
신입학 수시 주요사항 제출(대교협)(2027학년도) (05. 31(일)),학사일정,2026-05-31,https://www.kduniv.ac.kr/kor/CMS/ScheduleMgr/YearList.do?mCode=MN096,학사일정,2026년 학사일정: 05. 31(일) 신입학 수시 주요사항 제출(대교협)(2027학년도),,academic_calendar
하계계절학기 수강신청기간 (06. 01(월) ∼ 06. 04(목)),학사일정,2026-06-01,https://www.kduniv.ac.kr/kor/CMS/ScheduleMgr/YearList.do?mCode=MN096,학사일정,2026년 학사일정: 06. 01(월) ∼ 06. 04(목) 하계계절학기 수강신청기간,,academic_calendar
하계계절학기 등록기간 (06. 08(월) ∼ 06. 10(수)),학사일정,2026-06-08,https://www.kduniv.ac.kr/kor/CMS/ScheduleMgr/YearList.do?mCode=MN096,학사일정,2026년 학사일정: 06. 08(월) ∼ 06. 10(수) 하계계절학기 등록기간,,academic_calendar
보강주간(1학기) (06. 09(화) ∼ 06. 15(월)),학사일정,2026-06-09,https://www.kduniv.ac.kr/kor/CMS/ScheduleMgr/YearList.do?mCode=MN096,학사일정,2026년 학사일정: 06. 09(화) ∼ 06. 15(월) 보강주간(1학기),,academic_calendar
기말고사(1학기) (06. 16(화) ∼ 06. 22(월)),학사일정,2026-06-16,https://www.kduniv.ac.kr/kor/CMS/ScheduleMgr/YearList.do?mCode=MN096,학사일정,2026년 학사일정: 06. 16(화) ∼ 06. 22(월) 기말고사(1학기),,academic_calendar
성적열람 및 성적이의신청기간(1학기) (06. 16(화) ∼ 06. 30(화)),학사일정,2026-06-16,https://www.kduniv.ac.kr/kor/CMS/ScheduleMgr/YearList.do?mCode=MN096,학사일정,2026년 학사일정: 06. 16(화) ∼ 06. 30(화) 성적열람 및 성적이의신청기간(1학기),,academic_calendar
종강(1학기) (06. 22(월)),학사일정,2026-06-22,https://www.kduniv.ac.kr/kor/CMS/ScheduleMgr/YearList.do?mCode=MN096,학사일정,2026년 학사일정: 06. 22(월) 종강(1학기),,academic_calendar
하계 계절학기 운영 및 성적처리기간 (06. 23(화) ∼ 07. 06(월)),학사일정,2026-06-23,https://www.kduniv.ac.kr/kor/CMS/ScheduleMgr/YearList.do?mCode=MN096,학사일정,2026년 학사일정: 06. 23(화) ∼ 07. 06(월) 하계 계절학기 운영 및 성적처리기간,,academic_calendar
성적정정기간(1학기) (07. 01(수) ∼ 07. 02(목)),학사일정,2026-07-01,https://www.kduniv.ac.kr/kor/CMS/ScheduleMgr/YearList.do?mCode=MN096,학사일정,2026년 학사일정: 07. 01(수) ∼ 07. 02(목) 성적정정기간(1학기),,academic_calendar
후기졸업대상자 졸업유예·조기졸업사정 신청기간(2025학년도) (07. 06(월) ∼ 07. 08(수)),학사일정,2026-07-06,https://www.kduniv.ac.kr/kor/CMS/ScheduleMgr/YearList.do?mCode=MN096,학사일정,2026년 학사일정: 07. 06(월) ∼ 07. 08(수) 후기졸업대상자 졸업유예·조기졸업사정 신청기간(2025학년도),,academic_calendar
복학신청기간(2학기) (07. 06(월) ∼ 08. 28(금)),학사일정,2026-07-06,https://www.kduniv.ac.kr/kor/CMS/ScheduleMgr/YearList.do?mCode=MN096,학사일정,2026년 학사일정: 07. 06(월) ∼ 08. 28(금) 복학신청기간(2학기),,academic_calendar
하계 교수워크숍 (07. 07(화) ∼ 07. 08(수)),학사일정,2026-07-07,https://www.kduniv.ac.kr/kor/CMS/ScheduleMgr/YearList.do?mCode=MN096,학사일정,2026년 학사일정: 07. 07(화) ∼ 07. 08(수) 하계 교수워크숍,,academic_calendar
전과·재입학 신청기간(2학기) (07. 09(목) ∼ 07. 14(화)),학사일정,2026-07-09,https://www.kduniv.ac.kr/kor/CMS/ScheduleMgr/YearList.do?mCode=MN096,학사일정,2026년 학사일정: 07. 09(목) ∼ 07. 14(화) 전과·재입학 신청기간(2학기),,academic_calendar
수강신청기간(2학기) (07. 13(월) ∼ 07. 17(금)),학사일정,2026-07-13,https://www.kduniv.ac.kr/kor/CMS/ScheduleMgr/YearList.do?mCode=MN096,학사일정,2026년 학사일정: 07. 13(월) ∼ 07. 17(금) 수강신청기간(2학기),,academic_calendar
유급신청(2학기) (07. 20(월) ∼ 07. 22(수)),학사일정,2026-07-20,https://www.kduniv.ac.kr/kor/CMS/ScheduleMgr/YearList.do?mCode=MN096,학사일정,2026년 학사일정: 07. 20(월) ∼ 07. 22(수) 유급신청(2학기),,academic_calendar
후기(2026학년도 8월 졸업) 졸업사정(2025학년도) (07. 23(목)),학사일정,2026-07-23,https://www.kduniv.ac.kr/kor/CMS/ScheduleMgr/YearList.do?mCode=MN096,학사일정,2026년 학사일정: 07. 23(목) 후기(2026학년도 8월 졸업) 졸업사정(2025학년도),,academic_calendar
수강신청 변경기간(2학기) (08. 03(월) ∼ 08. 06(목)),학사일정,2026-08-03,https://www.kduniv.ac.kr/kor/CMS/ScheduleMgr/YearList.do?mCode=MN096,학사일정,2026년 학사일정: 08. 03(월) ∼ 08. 06(목) 수강신청 변경기간(2학기),,academic_calendar
후기졸업(2025학년도) (08. 14(금)),학사일정,2026-08-14,https://www.kduniv.ac.kr/kor/CMS/ScheduleMgr/YearList.do?mCode=MN096,학사일정,2026년 학사일정: 08. 14(금) 후기졸업(2025학년도),,academic_calendar
재학생 등록금고지서 출력가능(2학기) (08. 19(수)),학사일정,2026-08-19,https://www.kduniv.ac.kr/kor/CMS/ScheduleMgr/YearList.do?mCode=MN096,학사일정,2026년 학사일정: 08. 19(수) 재학생 등록금고지서 출력가능(2학기),,academic_calendar
재학생 등록금 분할납부 신청(2학기) (08. 19(수) ∼ 08. 28(금)),학사일정,2026-08-19,https://www.kduniv.ac.kr/kor/CMS/ScheduleMgr/YearList.do?mCode=MN096,학사일정,2026년 학사일정: 08. 19(수) ∼ 08. 28(금) 재학생 등록금 분할납부 신청(2학기),,academic_calendar
재학생 등록기간(2학기) (08. 24(월) ∼ 08. 30(일)),학사일정,2026-08-24,https://www.kduniv.ac.kr/kor/CMS/ScheduleMgr/YearList.do?mCode=MN096,학사일정,2026년 학사일정: 08. 24(월) ∼ 08. 30(일) 재학생 등록기간(2학기),,academic_calendar
개시일 및 개강(2학기) (08. 31(월)),학사일정,2026-08-31,https://www.kduniv.ac.kr/kor/CMS/ScheduleMgr/YearList.do?mCode=MN096,학사일정,2026년 학사일정: 08. 31(월) 개시일 및 개강(2학기),,academic_calendar
신입학 정시 주요사항 발표(홈페이지)(2027학년도) (09. 01(화)),학사일정,2026-09-01,https://www.kduniv.ac.kr/kor/CMS/ScheduleMgr/YearList.do?mCode=MN096,학사일정,2026년 학사일정: 09. 01(화) 신입학 정시 주요사항 발표(홈페이지)(2027학년도),,academic_calendar
신입학 정시 주요사항 제출(대교협)(2027학년도) (09. 01(화)),학사일정,2026-09-01,https://www.kduniv.ac.kr/kor/CMS/ScheduleMgr/YearList.do?mCode=MN096,학사일정,2026년 학사일정: 09. 01(화) 신입학 정시 주요사항 제출(대교협)(2027학년도),,academic_calendar
복수ㆍ부전공신청(2학기) (09. 07(월) ∼ 09. 10(목)),학사일정,2026-09-07,https://www.kduniv.ac.kr/kor/CMS/ScheduleMgr/YearList.do?mCode=MN096,학사일정,2026년 학사일정: 09. 07(월) ∼ 09. 10(목) 복수ㆍ부전공신청(2학기),,academic_calendar
신입학 수시 원서접수(2027학년도) (09. 07(월) ∼ 09. 11(금)),학사일정,2026-09-07,https://www.kduniv.ac.kr/kor/CMS/ScheduleMgr/YearList.do?mCode=MN096,학사일정,2026년 학사일정: 09. 07(월) ∼ 09. 11(금) 신입학 수시 원서접수(2027학년도),,academic_calendar
수업일수 1/4선(2학기) (09. 25(금)),학사일정,2026-09-25,https://www.kduniv.ac.kr/kor/CMS/ScheduleMgr/YearList.do?mCode=MN096,학사일정,2026년 학사일정: 09. 25(금) 수업일수 1/4선(2학기),,academic_calendar
군 제대 학생 복학신청 마감(2학기) (09. 25(금)),학사일정,2026-09-25,https://www.kduniv.ac.kr/kor/CMS/ScheduleMgr/YearList.do?mCode=MN096,학사일정,2026년 학사일정: 09. 25(금) 군 제대 학생 복학신청 마감(2학기),,academic_calendar
미등록 휴학 마감일(미등록 제적)(2학기) (09. 25(금)),학사일정,2026-09-25,https://www.kduniv.ac.kr/kor/CMS/ScheduleMgr/YearList.do?mCode=MN096,학사일정,2026년 학사일정: 09. 25(금) 미등록 휴학 마감일(미등록 제적)(2학기),,academic_calendar
개시 30일(2학기) (09. 29(화)),학사일정,2026-09-29,https://www.kduniv.ac.kr/kor/CMS/ScheduleMgr/YearList.do?mCode=MN096,학사일정,2026년 학사일정: 09. 29(화) 개시 30일(2학기),,academic_calendar
미복학 휴학 연장 마감일(미복학 제적)(2학기) (09. 29(화)),학사일정,2026-09-29,https://www.kduniv.ac.kr/kor/CMS/ScheduleMgr/YearList.do?mCode=MN096,학사일정,2026년 학사일정: 09. 29(화) 미복학 휴학 연장 마감일(미복학 제적)(2학기),,academic_calendar
수업일수 1/3선(2학기) (10. 04(일)),학사일정,2026-10-04,https://www.kduniv.ac.kr/kor/CMS/ScheduleMgr/YearList.do?mCode=MN096,학사일정,2026년 학사일정: 10. 04(일) 수업일수 1/3선(2학기),,academic_calendar
중간고사(2학기) (10. 19(월) ∼ 10. 23(금)),학사일정,2026-10-19,https://www.kduniv.ac.kr/kor/CMS/ScheduleMgr/YearList.do?mCode=MN096,학사일정,2026년 학사일정: 10. 19(월) ∼ 10. 23(금) 중간고사(2학기),,academic_calendar
대학 축제 (10. 28(수)),학사일정,2026-10-28,https://www.kduniv.ac.kr/kor/CMS/ScheduleMgr/YearList.do?mCode=MN096,학사일정,2026년 학사일정: 10. 28(수) 대학 축제,,academic_calendar
개시 60일(2학기) (10. 29(목)),학사일정,2026-10-29,https://www.kduniv.ac.kr/kor/CMS/ScheduleMgr/YearList.do?mCode=MN096,학사일정,2026년 학사일정: 10. 29(목) 개시 60일(2학기),,academic_calendar
수업일수 3/4선(2학기) (11. 16(월)),학사일정,2026-11-16,https://www.kduniv.ac.kr/kor/CMS/ScheduleMgr/YearList.do?mCode=MN096,학사일정,2026년 학사일정: 11. 16(월) 수업일수 3/4선(2학기),,academic_calendar
취업역량 경진대회 (11. 18(수)),학사일정,2026-11-18,https://www.kduniv.ac.kr/kor/CMS/ScheduleMgr/YearList.do?mCode=MN096,학사일정,2026년 학사일정: 11. 18(수) 취업역량 경진대회,,academic_calendar
수능 시행일(2027학년도) (11. 19(목)),학사일정,2026-11-19,https://www.kduniv.ac.kr/kor/CMS/ScheduleMgr/YearList.do?mCode=MN096,학사일정,2026년 학사일정: 11. 19(목) 수능 시행일(2027학년도),,academic_calendar
개시 90일(2학기) (11. 28(토)),학사일정,2026-11-28,https://www.kduniv.ac.kr/kor/CMS/ScheduleMgr/YearList.do?mCode=MN096,학사일정,2026년 학사일정: 11. 28(토) 개시 90일(2학기),,academic_calendar
동계계절학기 수강신청기간 (11. 30(월) ∼ 12. 03(목)),학사일정,2026-11-30,https://www.kduniv.ac.kr/kor/CMS/ScheduleMgr/YearList.do?mCode=MN096,학사일정,2026년 학사일정: 11. 30(월) ∼ 12. 03(목) 동계계절학기 수강신청기간,,academic_calendar
동계계절학기 등록기간 (12. 07(월) ∼ 12. 09(수)),학사일정,2026-12-07,https://www.kduniv.ac.kr/kor/CMS/ScheduleMgr/YearList.do?mCode=MN096,학사일정,2026년 학사일정: 12. 07(월) ∼ 12. 09(수) 동계계절학기 등록기간,,academic_calendar
보강주간(2학기) (12. 07(월) ∼ 12. 11(금)),학사일정,2026-12-07,https://www.kduniv.ac.kr/kor/CMS/ScheduleMgr/YearList.do?mCode=MN096,학사일정,2026년 학사일정: 12. 07(월) ∼ 12. 11(금) 보강주간(2학기),,academic_calendar
수능 성적통지일(2027학년도) (12. 11(금)),학사일정,2026-12-11,https://www.kduniv.ac.kr/kor/CMS/ScheduleMgr/YearList.do?mCode=MN096,학사일정,2026년 학사일정: 12. 11(금) 수능 성적통지일(2027학년도),,academic_calendar
기말고사(2학기) (12. 14(월) ∼ 12. 18(금)),학사일정,2026-12-14,https://www.kduniv.ac.kr/kor/CMS/ScheduleMgr/YearList.do?mCode=MN096,학사일정,2026년 학사일정: 12. 14(월) ∼ 12. 18(금) 기말고사(2학기),,academic_calendar
성적열람 및 성적이의신청기간(2학기) (12. 14(월) ∼ 12. 28(월)),학사일정,2026-12-14,https://www.kduniv.ac.kr/kor/CMS/ScheduleMgr/YearList.do?mCode=MN096,학사일정,2026년 학사일정: 12. 14(월) ∼ 12. 28(월) 성적열람 및 성적이의신청기간(2학기),,academic_calendar
종강(2학기) (12. 18(금)),학사일정,2026-12-18,https://www.kduniv.ac.kr/kor/CMS/ScheduleMgr/YearList.do?mCode=MN096,학사일정,2026년 학사일정: 12. 18(금) 종강(2학기),,academic_calendar
신입학 수시 합격자 발표(12.18.이전 발표)(2027학년도) (12. 18(금)),학사일정,2026-12-18,https://www.kduniv.ac.kr/kor/CMS/ScheduleMgr/YearList.do?mCode=MN096,학사일정,2026년 학사일정: 12. 18(금) 신입학 수시 합격자 발표(12.18.이전 발표)(2027학년도),,academic_calendar
신입학 수시 예치금 등록(2027학년도) (12. 21(월) ∼ 12. 23(수)),학사일정,2026-12-21,https://www.kduniv.ac.kr/kor/CMS/ScheduleMgr/YearList.do?mCode=MN096,학사일정,2026년 학사일정: 12. 21(월) ∼ 12. 23(수) 신입학 수시 예치금 등록(2027학년도),,academic_calendar
동계계절학기 운영 및 성적처리기간 (12. 21(월) ∼ 01. 05(화)),학사일정,2026-12-21,https://www.kduniv.ac.kr/kor/CMS/ScheduleMgr/YearList.do?mCode=MN096,학사일정,2026년 학사일정: 12. 21(월) ∼ 01. 05(화) 동계계절학기 운영 및 성적처리기간,,academic_calendar
신입학 수시 미등록 충원(2027학년도) (12. 24(목) ∼ 12. 30(수)),학사일정,2026-12-24,https://www.kduniv.ac.kr/kor/CMS/ScheduleMgr/YearList.do?mCode=MN096,학사일정,2026년 학사일정: 12. 24(목) ∼ 12. 30(수) 신입학 수시 미등록 충원(2027학년도),,academic_calendar
성적정정기간(2학기) (12. 29(화) ∼ 12. 30(수)),학사일정,2026-12-29,https://www.kduniv.ac.kr/kor/CMS/ScheduleMgr/YearList.do?mCode=MN096,학사일정,2026년 학사일정: 12. 29(화) ∼ 12. 30(수) 성적정정기간(2학기),,academic_calendar
